Player,Pos,Age,Tm,G,MP,PER,TS%,USG%,OWS,DWS,WS,WS/48,OBPM,DBPM,BPM,VORP,GS,PTS,TRB,AST,STL,BLK,TOV,FG%,3P%,FT%,Salary,Salary_M
Amen Thompson,PG,23.0,HOU,75.0,2795.0,18.6,0.587,19.9,5.9,3.6,9.5,0.163,1.5,1.0,2.4,3.1,75.0,17.9,7.8,5.3,1.5,0.6,2.4,0.525,0.223,0.78,9690600.0,9.6906
Kevin Durant,SF,37.0,HOU,74.0,2690.0,21.0,0.638,27.1,6.8,3.0,9.9,0.176,4.2,0.1,4.3,4.2,74.0,25.8,5.4,4.7,0.8,0.9,3.2,0.518,0.409,0.877,54708609.0,54.708609
Desmond Bane,SG,27.0,ORL,77.0,2625.0,16.9,0.609,23.3,4.7,2.2,7.0,0.127,1.6,-0.4,1.2,2.1,77.0,20.4,4.2,4.2,1.0,0.4,2.0,0.485,0.391,0.92,36725670.0,36.72567
Mikal Bridges,SF,29.0,NYK,78.0,2596.0,15.2,0.584,17.4,4.5,3.2,7.7,0.142,1.2,1.3,2.6,3.0,78.0,14.7,3.9,3.8,1.3,0.8,1.1,0.487,0.371,0.832,24900000.0,24.9
Toumani Camara,PF,25.0,POR,78.0,2590.0,11.2,0.576,16.2,1.8,2.5,4.3,0.08,-1.1,0.0,-1.2,0.6,78.0,13.2,5.2,2.4,1.1,0.4,1.8,0.439,0.366,0.704,2221677.0,2.221677
Jamal Murray,PG,28.0,DEN,73.0,2579.0,22.0,0.621,28.0,7.6,1.7,9.3,0.173,5.5,-1.4,4.1,4.0,73.0,25.5,4.4,7.2,0.9,0.4,2.3,0.483,0.434,0.885,46394100.0,46.3941
Jabari Smith Jr.,PF,22.0,HOU,73.0,2561.0,13.5,0.567,18.1,3.1,3.1,6.2,0.117,-0.6,-0.1,-0.7,0.9,73.0,15.6,6.9,1.9,0.8,0.9,1.4,0.448,0.36,0.778,12350392.0,12.350392
Julius Randle,PF,31.0,MIN,77.0,2550.0,18.4,0.584,26.4,4.1,3.2,7.3,0.138,1.4,0.1,1.4,2.2,77.0,21.1,6.8,5.1,1.1,0.2,2.7,0.48,0.314,0.8,30864198.0,30.864198
Scottie Barnes,PF,24.0,TOR,75.0,2528.0,19.1,0.575,23.5,3.0,4.2,7.1,0.136,1.7,2.3,4.0,3.8,75.0,18.2,7.5,5.9,1.5,1.5,2.7,0.504,0.296,0.813,38661750.0,38.66175
Tyrese Maxey,PG,25.0,PHI,66.0,2523.0,22.2,0.59,29.5,5.8,2.5,8.4,0.159,5.1,0.5,5.6,4.8,66.0,28.6,4.2,6.7,1.9,0.8,2.4,0.463,0.37,0.89,37958760.0,37.95876
Derrick White,SG,31.0,BOS,73.0,2500.0,16.3,0.527,22.5,3.3,3.3,6.6,0.128,2.2,1.0,3.2,3.3,73.0,16.8,4.5,5.5,1.2,1.3,1.8,0.394,0.324,0.9,28100000.0,28.1
Nickeil Alexander-Walker,SG,27.0,ATL,75.0,2493.0,16.3,0.605,24.0,3.2,2.6,5.9,0.113,1.4,-0.5,0.9,1.8,68.0,20.6,3.5,3.7,1.3,0.5,2.1,0.454,0.394,0.9,15161800.0,15.1618
Jalen Brunson,PG,29.0,NYK,71.0,2482.0,19.9,0.579,30.2,6.2,2.1,8.4,0.162,3.9,-1.0,2.9,3.1,71.0,26.0,3.4,6.7,0.7,0.1,2.4,0.465,0.37,0.843,34944001.0,34.944001
VJ Edgecombe,SG,20.0,PHI,71.0,2472.0,13.9,0.543,20.1,1.8,2.2,4.1,0.079,-0.4,-0.2,-0.6,0.9,71.0,16.1,5.5,4.1,1.4,0.5,1.8,0.439,0.358,0.827,11108880.0,11.10888
Brandon Ingram,SF,28.0,TOR,72.0,2437.0,15.9,0.567,26.9,1.0,2.8,3.8,0.075,0.7,-0.6,0.1,1.3,72.0,21.4,5.6,3.6,0.8,0.7,2.5,0.472,0.377,0.82,38095238.0,38.095238
Jalen Johnson,SF,24.0,ATL,69.0,2432.0,20.8,0.584,27.0,3.8,3.8,7.5,0.148,3.1,1.4,4.5,4.0,69.0,22.8,10.3,8.0,1.3,0.4,3.4,0.493,0.351,0.784,30000000.0,30.0
Payton Pritchard,PG,28.0,BOS,75.0,2431.0,17.0,0.581,21.4,5.6,2.3,7.9,0.156,2.4,-0.4,2.1,2.5,50.0,17.0,4.0,5.1,0.7,0.1,1.4,0.461,0.372,0.886,7232143.0,7.232143
Kon Knueppel,SF,20.0,CHO,77.0,2424.0,17.7,0.644,22.2,5.8,2.3,8.1,0.161,3.6,-0.3,3.3,3.2,76.0,18.8,5.4,3.4,0.7,0.2,1.9,0.483,0.431,0.865,10015680.0,10.01568
Dyson Daniels,SG,22.0,ATL,73.0,2419.0,15.4,0.544,16.0,2.8,3.5,6.3,0.125,-0.6,1.8,1.1,1.9,73.0,11.8,6.7,5.9,2.0,0.4,1.8,0.519,0.182,0.623,7707709.0,7.707709
DeMar DeRozan,PF,36.0,SAC,76.0,2395.0,17.8,0.593,22.8,5.2,0.4,5.6,0.112,0.9,-1.0,-0.2,1.1,76.0,18.6,3.0,4.2,1.1,0.3,1.3,0.495,0.315,0.868,24570000.0,24.57
Donte DiVincenzo,SG,29.0,MIN,77.0,2379.0,12.6,0.57,16.8,2.2,2.9,5.2,0.105,0.0,0.9,0.9,1.7,77.0,12.3,4.2,3.9,1.3,0.4,1.5,0.408,0.381,0.758,11990000.0,11.99
James Harden,PG,36.0,2TM,67.0,2345.0,20.8,0.613,28.5,5.5,2.0,7.5,0.153,4.7,-0.8,3.9,3.5,67.0,23.6,4.9,8.1,1.1,0.4,3.5,0.436,0.374,0.881,39182693.0,39.182693
Trey Murphy III,SF,25.0,NOP,66.0,2341.0,18.4,0.613,22.9,4.5,1.6,6.1,0.124,3.0,-0.7,2.3,2.5,66.0,21.5,5.7,3.8,1.5,0.4,1.8,0.47,0.379,0.886,25000000.0,25.0
Jaylen Brown,SF,29.0,BOS,68.0,2336.0,22.3,0.572,36.3,3.6,3.2,6.8,0.14,3.7,-0.1,3.6,3.3,68.0,28.7,7.0,5.3,1.0,0.4,3.6,0.475,0.345,0.797,53142264.0,53.142264
Paolo Banchero,PF,23.0,ORL,67.0,2332.0,17.5,0.565,27.6,1.7,2.6,4.3,0.089,1.3,-0.2,1.1,1.8,67.0,22.2,8.3,5.1,0.6,0.6,3.0,0.457,0.312,0.775,15334769.0,15.334769
Rudy Gobert,C,33.0,MIN,74.0,2317.0,17.7,0.667,12.9,4.8,4.0,8.8,0.182,0.1,1.0,1.0,1.8,74.0,11.0,11.5,1.7,0.8,1.6,1.4,0.686,0.0,0.528,35000000.0,35.0
Ryan Rollins,PG,23.0,MIL,72.0,2310.0,16.1,0.581,24.1,1.5,1.7,3.2,0.067,0.6,-0.4,0.1,1.3,65.0,17.1,4.6,5.6,1.5,0.4,2.7,0.47,0.407,0.788,4000000.0,4.0
Luka Dončić,PG,26.0,LAL,64.0,2289.0,28.0,0.616,38.0,6.7,2.9,9.6,0.201,7.9,1.2,9.1,6.5,64.0,33.5,7.7,8.3,1.6,0.5,4.0,0.476,0.366,0.78,45999660.0,45.99966
Donovan Mitchell,SG,29.0,CLE,68.0,2275.0,22.8,0.611,32.1,5.5,2.4,7.9,0.167,5.1,-0.2,4.9,4.0,68.0,27.7,4.5,5.7,1.5,0.3,2.8,0.479,0.365,0.864,46394100.0,46.3941
Miles Bridges,PF,27.0,CHO,73.0,2274.0,15.8,0.566,22.6,3.6,2.4,6.0,0.126,1.0,-0.2,0.8,1.6,73.0,17.2,5.8,3.2,0.6,0.4,1.4,0.455,0.329,0.831,25000000.0,25.0
Alperen Şengün,C,23.0,HOU,68.0,2271.0,21.7,0.572,26.7,4.3,3.5,7.8,0.165,2.9,1.6,4.5,3.7,68.0,20.6,8.9,6.2,1.2,1.1,3.1,0.522,0.315,0.686,33944954.0,33.944954
Jaden McDaniels,PF,25.0,MIN,71.0,2262.0,14.0,0.617,18.2,2.6,2.8,5.4,0.114,-0.9,0.7,-0.2,1.0,71.0,14.8,4.2,2.7,1.1,1.0,1.8,0.518,0.421,0.839,24393104.0,24.393104
Karl-Anthony Towns,C,30.0,NYK,72.0,2230.0,21.7,0.615,26.0,5.1,3.8,8.9,0.192,2.5,0.4,2.9,2.8,72.0,20.1,11.9,2.9,0.8,0.5,2.5,0.496,0.368,0.855,53142264.0,53.142264
Bam Adebayo,C,28.0,MIA,69.0,2223.0,18.5,0.55,25.3,2.4,3.4,5.8,0.125,1.4,0.4,1.8,2.1,69.0,20.2,10.0,3.0,1.2,0.7,1.7,0.439,0.317,0.778,37096620.0,37.09662
Matas Buzelis,PF,21.0,CHI,76.0,2222.0,14.9,0.59,22.7,0.6,2.0,2.6,0.055,-0.6,-0.5,-1.0,0.5,76.0,16.3,5.8,2.0,0.7,1.5,2.1,0.465,0.356,0.787,5455560.0,5.45556
Saddiq Bey,SF,26.0,NOP,71.0,2207.0,17.1,0.58,21.5,4.4,1.0,5.4,0.117,2.3,-1.8,0.4,1.3,63.0,17.5,5.5,2.5,0.9,0.1,0.9,0.452,0.366,0.842,6118644.0,6.118644
Onyeka Okongwu,C,25.0,ATL,71.0,2201.0,16.2,0.594,19.8,2.6,3.3,5.9,0.128,0.0,0.9,0.9,1.6,60.0,15.4,7.7,3.2,1.1,1.1,1.7,0.482,0.379,0.755,15000000.0,15.0
Cooper Flagg,SF,19.0,DAL,65.0,2197.0,17.6,0.55,26.4,1.1,2.4,3.5,0.077,0.8,0.5,1.3,1.8,65.0,20.8,6.6,4.5,1.2,0.9,2.4,0.472,0.293,0.816,13825920.0,13.82592
Collin Gillespie,PG,26.0,PHO,76.0,2191.0,15.5,0.581,18.8,3.7,2.4,6.1,0.133,2.1,0.5,2.6,2.6,57.0,13.0,4.1,4.8,1.3,0.2,1.6,0.422,0.408,0.871,2296274.0,2.296274
Brandin Podziemski,SG,22.0,GSW,77.0,2189.0,14.8,0.576,19.8,2.5,2.3,4.8,0.105,0.2,0.1,0.3,1.3,38.0,13.5,5.3,3.8,1.1,0.2,1.6,0.451,0.369,0.781,3687960.0,3.68796
Shai Gilgeous-Alexander,PG,27.0,OKC,65.0,2177.0,31.0,0.664,33.5,10.8,4.1,14.8,0.327,8.8,3.0,11.8,7.5,65.0,31.6,4.4,6.5,1.4,0.8,2.2,0.551,0.38,0.881,38333050.0,38.33305
Immanuel Quickley,PG,26.0,TOR,67.0,2174.0,16.6,0.579,21.2,3.8,2.5,6.3,0.139,1.9,0.5,2.4,2.4,67.0,16.9,4.1,6.0,1.3,0.1,1.5,0.445,0.374,0.821,32500000.0,32.5
CJ McCollum,PG,34.0,2TM,73.0,2173.0,15.8,0.566,25.7,1.9,0.9,2.8,0.062,1.3,-1.9,-0.6,0.8,57.0,18.7,3.3,3.8,0.8,0.4,1.8,0.454,0.371,0.774,30666666.0,30.666666
Nikola Jokić,C,30.0,DEN,62.0,2172.0,32.3,0.672,30.4,11.0,3.2,14.3,0.315,10.0,4.1,14.1,8.8,62.0,27.9,12.9,10.9,1.4,0.8,3.8,0.571,0.383,0.827,55224526.0,55.224526
Wendell Carter Jr.,C,26.0,ORL,73.0,2162.0,14.4,0.62,15.8,3.3,2.6,5.9,0.13,-0.9,0.4,-0.5,0.8,73.0,12.0,7.5,2.0,0.8,0.6,1.3,0.512,0.324,0.807,10850000.0,10.85
Julian Champagnie,SF,24.0,SAS,78.0,2160.0,13.1,0.612,15.4,2.7,3.3,6.0,0.133,0.6,0.8,1.4,1.9,64.0,11.3,5.8,1.5,0.8,0.4,0.9,0.437,0.386,0.841,3000000.0,3.0
OG Anunoby,PF,28.0,NYK,64.0,2135.0,15.9,0.621,19.8,3.0,3.1,6.1,0.137,1.0,1.1,2.1,2.2,64.0,16.9,5.3,2.2,1.6,0.7,1.9,0.486,0.388,0.823,39568966.0,39.568966
Naji Marshall,SF,28.0,DAL,72.0,2132.0,15.6,0.595,20.6,2.5,1.8,4.4,0.099,-0.6,0.1,-0.5,0.8,45.0,15.4,4.7,3.3,1.1,0.1,1.6,0.512,0.295,0.765,9000000.0,9.0
Royce O'Neale,SF,32.0,PHO,74.0,2129.0,11.5,0.594,14.3,1.7,2.6,4.3,0.098,-0.4,0.9,0.5,1.4,67.0,9.9,4.8,2.7,1.1,0.4,1.4,0.419,0.407,0.722,10125000.0,10.125
Bub Carrington,PG,20.0,WAS,77.0,2126.0,9.6,0.545,17.6,-0.4,-0.1,-0.5,-0.011,-2.4,-2.4,-4.8,-1.5,43.0,10.2,3.4,4.6,0.6,0.2,2.2,0.414,0.396,0.721,4677600.0,4.6776
Max Christie,SG,22.0,DAL,72.0,2114.0,10.8,0.599,16.4,1.1,1.3,2.4,0.056,-1.1,-0.6,-1.7,0.2,63.0,12.2,3.3,2.0,0.6,0.3,1.3,0.443,0.405,0.892,7714286.0,7.714286
Quentin Grimes,SG,25.0,PHI,71.0,2112.0,13.0,0.588,18.9,1.9,1.5,3.4,0.077,-0.8,-0.7,-1.5,0.3,19.0,13.5,3.7,3.4,0.9,0.4,1.8,0.452,0.332,0.837,8741209.0,8.741209
De'Aaron Fox,PG,28.0,SAS,68.0,2109.0,17.6,0.58,24.7,3.2,2.9,6.1,0.139,1.5,0.7,2.2,2.3,68.0,18.5,3.8,6.2,1.2,0.3,2.3,0.488,0.331,0.762,37096620.0,37.09662
Anthony Edwards,SG,24.0,MIN,60.0,2109.0,21.9,0.617,31.5,3.9,2.8,6.6,0.151,4.7,0.0,4.7,3.5,59.0,28.9,5.0,3.7,1.4,0.8,2.8,0.489,0.398,0.796,45550512.0,45.550512
Kris Dunn,PG,31.0,LAC,77.0,2101.0,11.5,0.584,12.5,1.8,2.1,3.9,0.088,-2.2,1.4,-0.8,0.6,63.0,7.4,3.3,3.6,1.6,0.2,1.3,0.478,0.375,0.775,5426400.0,5.4264
A.J. Green,SG,26.0,MIL,73.0,2097.0,9.0,0.617,13.6,1.6,0.3,2.0,0.045,-1.9,-1.7,-3.6,-0.8,63.0,9.8,2.6,2.0,0.5,0.1,0.9,0.418,0.41,0.842,2301587.0,2.301587
Cade Cunningham,PG,24.0,DET,61.0,2096.0,21.9,0.567,30.7,4.2,3.6,7.8,0.178,5.0,1.6,6.6,4.5,61.0,24.5,5.6,9.9,1.5,0.9,3.7,0.461,0.346,0.814,46394100.0,46.3941
Tim Hardaway Jr.,SG,33.0,DEN,77.0,2057.0,13.7,0.629,18.5,3.4,0.9,4.4,0.102,1.4,-1.9,-0.5,0.7,5.0,13.6,2.6,1.3,0.5,0.1,0.5,0.451,0.411,0.813,2296274.0,2.296274
Pascal Siakam,PF,31.0,IND,62.0,2057.0,18.7,0.562,30.1,1.2,1.4,2.6,0.062,1.8,-1.1,0.7,1.4,62.0,24.0,6.6,3.8,1.1,0.4,2.2,0.484,0.358,0.693,45550512.0,45.550512
Deni Avdija,SF,25.0,POR,62.0,2054.0,20.2,0.596,29.2,4.1,2.3,6.4,0.15,3.6,0.5,4.2,3.2,62.0,23.9,7.0,6.7,0.8,0.6,3.8,0.458,0.317,0.799,14375000.0,14.375
Duncan Robinson,SF,31.0,DET,74.0,2041.0,12.2,0.623,15.6,3.6,2.3,5.9,0.138,0.7,-0.1,0.7,1.4,74.0,12.0,2.7,2.1,0.6,0.3,0.7,0.448,0.408,0.76,16834692.0,16.834692
Reed Sheppard,SG,21.0,HOU,77.0,2037.0,15.7,0.565,21.7,2.6,2.9,5.5,0.13,1.2,1.5,2.7,2.4,18.0,13.6,2.9,3.5,1.5,0.7,1.6,0.43,0.396,0.807,10603560.0,10.60356
Devin Booker,SG,29.0,PHO,61.0,2035.0,20.2,0.583,32.1,4.2,1.7,5.9,0.139,3.1,-1.0,2.1,2.1,61.0,25.7,3.9,6.0,0.8,0.3,3.2,0.456,0.328,0.868,53142264.0,53.142264
Jaime Jaquez Jr.,SF,24.0,MIA,71.0,2009.0,15.6,0.564,22.3,2.0,1.9,3.9,0.093,0.1,0.0,0.1,1.1,1.0,15.2,5.1,4.7,0.7,0.3,2.0,0.501,0.305,0.771,3861600.0,3.8616
Evan Mobley,PF,24.0,CLE,62.0,1991.0,20.0,0.595,22.4,3.5,2.8,6.3,0.152,1.9,1.3,3.2,2.6,60.0,18.1,9.0,3.6,0.8,1.8,1.8,0.544,0.299,0.606,46394100.0,46.3941
Donovan Clingan,C,21.0,POR,73.0,1983.0,20.6,0.6,16.8,4.7,3.3,7.9,0.192,2.1,0.6,2.8,2.4,73.0,12.0,11.6,2.1,0.6,1.7,1.3,0.52,0.327,0.673,7178400.0,7.1784
Cason Wallace,SG,22.0,OKC,74.0,1980.0,12.1,0.536,14.5,1.0,4.1,5.1,0.123,-2.1,3.3,1.2,1.6,58.0,8.6,3.1,2.6,2.0,0.4,1.0,0.433,0.344,0.803,5820240.0,5.82024
Stephon Castle,PG,21.0,SAS,66.0,1978.0,17.2,0.576,25.0,2.7,2.8,5.5,0.134,0.9,0.8,1.7,1.8,65.0,16.7,5.2,7.3,1.1,0.3,3.2,0.474,0.326,0.733,9560520.0,9.56052
Andrew Wiggins,SF,30.0,MIA,64.0,1960.0,15.5,0.587,19.7,2.2,2.3,4.5,0.111,0.9,0.6,1.5,1.7,64.0,15.6,5.0,2.7,1.2,1.1,1.5,0.478,0.417,0.787,28223215.0,28.223215
Kawhi Leonard,SF,34.0,LAC,61.0,1957.0,28.2,0.63,33.6,6.2,2.6,8.8,0.216,7.4,0.7,8.1,5.0,61.0,28.0,6.3,3.6,2.0,0.4,2.0,0.505,0.385,0.899,50000000.0,50.0
Jeremiah Fears,PG,19.0,NOP,78.0,1952.0,13.1,0.521,25.0,-1.1,1.3,0.2,0.004,-1.8,-1.3,-3.1,-0.5,45.0,13.3,3.6,3.3,1.1,0.4,2.2,0.432,0.343,0.785,7520040.0,7.52004
Naz Reid,C,26.0,MIN,74.0,1935.0,15.4,0.567,22.0,0.9,3.2,4.0,0.1,0.0,1.1,1.0,1.5,2.0,13.6,6.3,2.2,1.0,1.0,1.6,0.456,0.364,0.733,21551724.0,21.551724
Devin Vassell,SG,25.0,SAS,63.0,1923.0,13.1,0.576,18.0,2.3,2.5,4.7,0.118,0.3,0.4,0.7,1.3,61.0,14.0,4.0,2.5,0.8,0.4,0.9,0.438,0.389,0.816,27000000.0,27.0
Chet Holmgren,PF,23.0,OKC,66.0,1922.0,21.0,0.646,21.7,4.1,4.5,8.5,0.213,2.1,1.7,3.8,2.8,66.0,16.9,8.8,1.7,0.6,1.8,1.5,0.55,0.346,0.799,13731368.0,13.731368
Jake LaRavia,PF,24.0,LAL,77.0,1920.0,12.0,0.573,14.4,1.7,1.9,3.6,0.09,-1.5,0.3,-1.2,0.4,39.0,8.3,3.9,1.8,1.2,0.5,1.0,0.462,0.32,0.768,6000000.0,6.0
Nic Claxton,C,26.0,BRK,69.0,1920.0,17.6,0.592,17.7,3.3,1.5,4.9,0.122,0.3,0.6,0.9,1.4,68.0,11.7,6.9,3.7,0.7,1.1,1.4,0.571,0.158,0.616,25352272.0,25.352272
Davion Mitchell,PG,27.0,MIA,67.0,1914.0,12.0,0.579,13.5,2.5,1.7,4.2,0.104,-1.4,0.5,-0.9,0.6,67.0,9.2,2.7,6.5,1.0,0.2,1.5,0.483,0.395,0.672,11600000.0,11.6
Josh Hart,SF,30.0,NYK,63.0,1899.0,16.0,0.609,16.7,3.1,2.9,6.0,0.151,1.1,2.1,3.2,2.5,49.0,12.1,7.6,4.9,1.1,0.3,1.9,0.507,0.409,0.723,19472240.0,19.47224
Ace Bailey,SF,19.0,UTA,69.0,1896.0,11.7,0.537,21.2,-0.1,0.2,0.1,0.004,-1.7,-2.5,-4.3,-1.1,58.0,13.6,4.1,1.8,0.8,0.7,1.4,0.444,0.348,0.767,9069840.0,9.06984
Jalen Duren,C,22.0,DET,67.0,1895.0,26.1,0.684,23.6,6.8,3.7,10.5,0.266,4.3,0.5,4.9,3.3,67.0,19.5,10.6,1.9,0.8,0.9,1.8,0.645,,0.748,6483144.0,6.483144
Bruce Brown,SG,29.0,DEN,78.0,1894.0,10.6,0.558,14.4,1.0,1.6,2.7,0.068,-2.6,0.1,-2.5,-0.3,2.0,7.8,3.8,2.0,1.0,0.2,1.1,0.47,0.39,0.761,2296274.0,2.296274
Harrison Barnes,PF,33.0,SAS,73.0,1889.0,11.9,0.607,14.7,2.6,2.1,4.7,0.119,0.0,0.2,0.1,1.0,52.0,10.0,2.8,2.0,0.7,0.2,0.8,0.453,0.391,0.828,19000000.0,19.0
Derik Queen,C,21.0,NOP,77.0,1888.0,15.7,0.544,21.7,0.4,2.1,2.5,0.063,-1.5,0.7,-0.8,0.6,45.0,11.4,6.8,3.7,1.0,0.9,2.3,0.472,0.265,0.792,5157960.0,5.15796
LaMelo Ball,PG,24.0,CHO,68.0,1888.0,19.4,0.539,31.7,3.2,2.4,5.6,0.142,4.3,-0.1,4.2,3.0,65.0,19.5,4.8,7.1,1.2,0.2,2.7,0.403,0.365,0.89,37958760.0,37.95876
LeBron James,SF,41.0,LAL,56.0,1870.0,20.1,0.591,26.6,3.0,1.8,4.8,0.123,2.9,0.0,2.9,2.3,56.0,20.6,6.0,6.9,1.1,0.6,2.9,0.511,0.313,0.744,52627153.0,52.627153
Jarace Walker,PF,22.0,IND,73.0,1866.0,11.5,0.547,20.5,-0.8,1.4,0.5,0.013,-1.8,-0.8,-2.6,-0.3,38.0,11.5,5.1,2.4,0.8,0.3,1.8,0.421,0.376,0.753,6665520.0,6.66552
Myles Turner,C,29.0,MIL,69.0,1863.0,13.9,0.584,18.5,1.1,1.7,2.8,0.071,-1.0,0.0,-1.0,0.5,69.0,11.8,5.2,1.4,0.7,1.6,1.2,0.437,0.387,0.74,25318251.0,25.318251
Russell Westbrook,SF,37.0,SAC,64.0,1853.0,15.1,0.528,25.9,-0.6,1.0,0.3,0.009,0.6,-1.1,-0.5,0.7,58.0,15.2,5.4,6.7,1.3,0.2,3.3,0.427,0.338,0.694,2296274.0,2.296274
Brandon Miller,SF,23.0,CHO,61.0,1842.0,17.1,0.579,28.3,2.1,2.2,4.3,0.112,1.9,-0.1,1.9,1.8,61.0,20.4,5.0,3.4,1.0,0.7,2.6,0.437,0.392,0.892,11968800.0,11.9688
Anthony Black,PG,22.0,ORL,60.0,1841.0,13.8,0.552,22.0,0.4,2.2,2.5,0.066,-1.1,0.5,-0.6,0.7,40.0,15.3,3.9,3.8,1.4,0.7,2.1,0.451,0.339,0.73,7970280.0,7.97028
Sam Hauser,PF,28.0,BOS,74.0,1832.0,11.9,0.587,14.4,2.6,2.0,4.6,0.121,0.5,0.0,0.5,1.1,45.0,9.1,3.9,1.4,0.5,0.3,0.5,0.418,0.39,0.842,10044644.0,10.044644
Neemias Queta,C,26.0,BOS,72.0,1830.0,19.9,0.664,14.8,4.8,3.4,8.2,0.215,0.5,1.9,2.4,2.0,71.0,10.1,8.4,1.6,0.8,1.3,1.0,0.643,0.0,0.699,2349578.0,2.349578
Deandre Ayton,C,27.0,LAL,67.0,1830.0,18.1,0.678,16.5,3.6,2.0,5.7,0.148,0.0,-0.9,-0.8,0.5,67.0,12.4,8.2,0.8,0.6,0.9,1.2,0.674,,0.63,33654814.0,33.654814
Maxime Raynaud,C,22.0,SAC,70.0,1828.0,15.8,0.615,18.0,2.4,0.9,3.3,0.087,-1.1,-1.6,-2.7,-0.3,52.0,12.1,7.4,1.3,0.5,0.5,1.2,0.57,0.297,0.786,1272870.0,1.27287
Victor Wembanyama,C,22.0,SAS,62.0,1824.0,29.5,0.623,32.1,4.7,4.9,9.6,0.254,6.2,4.2,10.4,5.7,53.0,24.9,11.6,3.1,1.0,3.1,2.4,0.509,0.35,0.828,13376880.0,13.37688
Jaylen Wells,SG,22.0,MEM,69.0,1821.0,11.5,0.559,19.4,0.9,0.8,1.8,0.047,-1.8,-1.4,-3.1,-0.5,69.0,12.5,3.2,1.6,0.9,0.1,1.1,0.431,0.353,0.784,1955377.0,1.955377
Zion Williamson,PF,25.0,NOP,61.0,1813.0,22.8,0.645,25.9,5.0,1.0,6.1,0.16,3.5,-0.7,2.8,2.2,54.0,21.1,5.7,3.2,1.0,0.5,2.0,0.602,0.25,0.715,39446090.0,39.44609
Keldon Johnson,SF,26.0,SAS,78.0,1812.0,17.1,0.618,20.6,3.7,2.4,6.1,0.162,1.2,-0.2,0.9,1.3,0.0,13.0,5.3,1.4,0.5,0.1,0.8,0.525,0.373,0.798,17500000.0,17.5
Ausar Thompson,SF,23.0,DET,69.0,1794.0,16.0,0.539,17.1,1.3,4.0,5.2,0.14,-0.8,3.6,2.8,2.2,68.0,9.9,5.8,3.0,2.0,0.9,1.5,0.518,0.261,0.565,8775000.0,8.775
Moussa Diabaté,C,24.0,CHO,69.0,1791.0,17.4,0.652,11.6,4.4,2.6,7.1,0.189,0.5,1.1,1.6,1.6,43.0,8.0,8.8,1.8,0.8,1.0,1.0,0.63,0.5,0.659,2270735.0,2.270735
Ayo Dosunmu,SG,26.0,2TM,66.0,1787.0,16.6,0.63,20.2,3.5,1.3,4.7,0.126,1.4,-0.2,1.2,1.5,17.0,14.7,3.5,3.7,0.8,0.3,1.3,0.515,0.446,0.868,7518518.0,7.518518
Andrew Nembhard,PG,26.0,IND,57.0,1786.0,15.7,0.564,23.6,2.2,0.6,2.8,0.075,1.2,-2.0,-0.8,0.5,57.0,16.9,2.8,7.7,0.9,0.1,2.4,0.442,0.361,0.825,18102000.0,18.102
Keyonte George,PG,22.0,UTA,54.0,1786.0,18.7,0.609,28.0,3.2,0.1,3.3,0.088,3.1,-2.1,0.9,1.3,54.0,23.6,3.7,6.1,1.1,0.3,3.1,0.456,0.371,0.892,4278960.0,4.27896
Tristan Da Silva,SF,24.0,ORL,72.0,1784.0,12.3,0.579,16.3,1.3,1.8,3.2,0.086,-0.5,0.1,-0.5,0.7,33.0,10.1,3.7,1.5,0.9,0.3,0.8,0.45,0.384,0.89,3809520.0,3.80952
Noah Clowney,PF,21.0,BRK,66.0,1780.0,11.2,0.554,20.4,0.0,1.1,1.1,0.03,-2.2,-1.1,-3.4,-0.6,60.0,12.3,4.1,1.6,0.8,0.7,1.5,0.396,0.329,0.804,3398640.0,3.39864
Rui Hachimura,PF,27.0,LAL,63.0,1773.0,11.1,0.613,14.9,1.7,1.0,2.7,0.073,-1.0,-1.5,-2.5,-0.2,36.0,11.1,3.2,0.8,0.5,0.3,0.6,0.506,0.43,0.733,18259259.0,18.259259
Sion James,SG,23.0,CHO,78.0,1764.0,8.4,0.545,10.7,1.3,1.8,3.2,0.086,-2.8,1.0,-1.8,0.1,19.0,5.4,3.4,2.0,0.6,0.3,0.8,0.379,0.365,0.845,2296274.0,2.296274
Pelle Larsson,SG,24.0,MIA,67.0,1764.0,13.4,0.609,16.5,2.6,1.5,4.1,0.112,-1.0,0.1,-0.9,0.5,52.0,11.3,3.5,3.4,0.7,0.2,1.4,0.5,0.322,0.792,1955377.0,1.955377
Kyle Kuzma,PF,30.0,MIL,67.0,1763.0,14.3,0.579,21.9,0.9,1.0,1.9,0.052,-1.0,-1.3,-2.3,-0.1,42.0,13.2,4.6,2.6,0.7,0.4,1.6,0.49,0.345,0.724,22410605.0,22.410605
Draymond Green,PF,35.0,GSW,64.0,1762.0,10.4,0.538,16.4,-0.5,2.0,1.6,0.043,-2.4,1.0,-1.4,0.3,64.0,8.6,5.5,5.4,0.9,0.6,2.7,0.417,0.327,0.692,25892857.0,25.892857
Austin Reaves,SG,27.0,LAL,51.0,1762.0,20.3,0.641,26.7,4.3,1.4,5.6,0.153,3.4,-0.8,2.6,2.1,45.0,23.3,4.7,5.5,1.1,0.4,3.0,0.49,0.36,0.871,13937574.0,13.937574
John Collins,PF,28.0,LAC,64.0,1758.0,16.3,0.653,18.9,2.8,1.7,4.5,0.123,0.2,-0.4,-0.3,0.8,54.0,13.6,5.3,1.0,0.9,0.8,1.3,0.56,0.411,0.782,26580000.0,26.58
Kyle Filipowski,C,22.0,UTA,75.0,1745.0,16.2,0.594,19.8,1.9,1.2,3.1,0.085,-0.5,-0.4,-1.0,0.5,39.0,11.3,7.1,2.5,1.0,0.5,1.6,0.498,0.333,0.751,3000000.0,3.0
Luguentz Dort,SF,26.0,OKC,64.0,1744.0,7.9,0.518,14.2,-0.1,2.8,2.7,0.075,-2.9,0.7,-2.2,-0.1,64.0,8.4,3.7,1.2,0.8,0.4,0.8,0.381,0.338,0.759,18222222.0,18.222222
Nikola Vučević,C,35.0,2TM,60.0,1740.0,18.0,0.577,21.5,2.5,1.7,4.3,0.117,1.5,0.0,1.6,1.6,49.0,15.6,8.6,3.4,0.6,0.7,1.3,0.496,0.373,0.835,21481481.0,21.481481
Jamal Shead,PG,23.0,TOR,77.0,1734.0,10.9,0.493,15.5,0.9,1.8,2.7,0.075,-2.2,0.1,-2.1,0.0,11.0,6.7,1.8,5.4,1.0,0.2,1.3,0.368,0.319,0.781,1955377.0,1.955377
Nique Clifford,SG,23.0,SAC,71.0,1732.0,8.7,0.497,16.6,-1.2,0.6,-0.6,-0.017,-3.9,-1.1,-4.9,-1.3,24.0,8.0,3.6,2.3,0.9,0.3,1.5,0.412,0.338,0.688,3108120.0,3.10812
Josh Giddey,PG,23.0,CHI,54.0,1731.0,18.1,0.562,24.5,1.6,1.6,3.2,0.089,2.3,0.4,2.6,2.0,51.0,17.0,8.3,9.1,1.0,0.5,3.6,0.448,0.364,0.763,25000000.0,25.0
Jaylon Tyson,SG,23.0,CLE,64.0,1727.0,14.8,0.614,18.9,2.4,1.6,4.0,0.112,0.7,-0.5,0.1,0.9,40.0,13.1,5.1,2.2,0.8,0.4,1.5,0.496,0.455,0.743,3492480.0,3.49248
Marcus Smart,SG,31.0,LAL,60.0,1725.0,9.8,0.547,15.3,0.4,1.5,1.9,0.054,-2.9,0.5,-2.4,-0.2,53.0,9.5,2.8,2.8,1.4,0.4,1.5,0.399,0.336,0.816,19920855.0,19.920855
Oso Ighodaro,PF,23.0,PHO,77.0,1715.0,13.6,0.635,12.2,2.0,2.4,4.4,0.122,-2.3,2.1,-0.1,0.8,23.0,6.5,5.1,2.3,0.9,0.6,1.2,0.651,0.0,0.459,1955377.0,1.955377
P.J. Washington,PF,27.0,DAL,55.0,1706.0,13.1,0.534,20.1,-0.3,2.0,1.7,0.047,-1.8,0.1,-1.6,0.2,52.0,14.1,7.1,1.8,1.0,1.1,1.7,0.448,0.32,0.687,14152174.0,14.152174
Jerami Grant,PF,31.0,POR,57.0,1695.0,15.4,0.608,23.7,2.6,1.4,4.0,0.114,1.0,-0.9,0.0,0.9,38.0,18.6,3.5,2.1,0.7,0.6,2.1,0.453,0.389,0.814,32000001.0,32.000001
Cam Spencer,SG,25.0,MEM,71.0,1693.0,17.2,0.647,17.2,4.6,0.7,5.3,0.151,3.0,-0.8,2.2,1.8,19.0,11.1,2.6,5.5,0.7,0.2,1.3,0.472,0.447,0.94,2537989.0,2.537989
Michael Porter Jr.,SF,27.0,BRK,52.0,1689.0,19.9,0.595,30.4,1.7,1.3,3.0,0.085,4.2,-1.2,3.0,2.1,52.0,24.2,7.1,3.0,1.1,0.3,2.3,0.463,0.363,0.859,38333050.0,38.33305
Brice Sensabaugh,SF,22.0,UTA,72.0,1679.0,14.3,0.588,24.8,0.9,0.1,1.0,0.027,0.2,-3.0,-2.7,-0.3,20.0,14.6,3.1,1.8,0.7,0.2,1.6,0.46,0.363,0.822,2693760.0,2.69376
Tobias Harris,PF,33.0,DET,60.0,1676.0,14.7,0.567,18.8,2.3,2.6,4.9,0.142,0.4,0.8,1.2,1.4,60.0,13.2,5.1,2.6,0.9,0.4,1.0,0.464,0.349,0.873,26634146.0,26.634146
Norman Powell,SG,32.0,MIA,55.0,1654.0,17.7,0.611,27.1,2.3,1.7,4.0,0.115,1.9,-0.1,1.8,1.6,52.0,22.1,3.6,2.6,1.1,0.3,1.9,0.473,0.384,0.825,20482758.0,20.482758
Sandro Mamukelashvili,C,26.0,TOR,75.0,1643.0,18.2,0.635,18.9,3.4,2.4,5.7,0.168,2.0,0.6,2.6,1.9,13.0,11.2,4.9,1.9,0.8,0.5,0.8,0.523,0.383,0.747,2461463.0,2.461463
Isaac Okoro,SG,25.0,CHI,61.0,1642.0,9.7,0.574,13.6,1.4,0.6,2.0,0.059,-3.0,-1.0,-3.9,-0.8,60.0,9.2,2.7,1.5,0.7,0.5,0.7,0.457,0.338,0.791,11000000.0,11.0
Precious Achiuwa,C,26.0,SAC,69.0,1631.0,16.5,0.569,17.2,1.9,1.1,3.0,0.088,-0.3,-1.0,-1.4,0.3,53.0,9.9,6.7,1.3,0.9,0.7,0.9,0.538,0.307,0.559,2111516.0,2.111516
Kel'el Ware,C,21.0,MIA,73.0,1624.0,20.1,0.613,18.1,3.0,2.9,5.9,0.175,1.9,0.1,2.1,1.7,32.0,11.1,9.1,0.7,0.8,1.1,0.8,0.529,0.384,0.755,4443360.0,4.44336
Bobby Portis,PF,30.0,MIL,67.0,1619.0,17.1,0.587,23.1,1.6,1.2,2.8,0.083,1.5,-1.6,-0.1,0.8,9.0,13.7,6.4,1.6,0.6,0.2,1.0,0.488,0.456,0.706,13445754.0,13.445754
Tre Jones,PG,26.0,CHI,60.0,1619.0,18.1,0.635,18.6,4.1,1.0,5.1,0.15,0.9,0.1,1.1,1.3,36.0,13.4,3.1,5.4,1.2,0.2,1.4,0.552,0.322,0.822,8000000.0,8.0
Dennis Schröder,PG,32.0,2TM,66.0,1617.0,12.7,0.523,21.0,0.6,0.7,1.3,0.038,-0.9,-1.3,-2.2,-0.1,16.0,10.8,2.7,4.8,0.8,0.2,1.8,0.402,0.329,0.83,14104000.0,14.104
Dominick Barlow,PF,22.0,PHI,67.0,1610.0,13.2,0.601,13.0,2.1,1.5,3.6,0.108,-1.4,0.2,-1.2,0.3,59.0,7.9,4.7,1.3,0.8,0.7,0.8,0.544,0.259,0.712,3415000.0,3.415
Jay Huff,C,27.0,IND,77.0,1603.0,15.1,0.594,18.1,1.2,1.6,2.9,0.086,-0.8,1.1,0.3,0.9,46.0,9.5,3.9,1.4,0.5,1.8,0.9,0.471,0.317,0.819,2349578.0,2.349578
Peyton Watson,SF,23.0,DEN,54.0,1598.0,14.3,0.594,20.6,1.0,1.6,2.6,0.077,-0.8,-0.5,-1.3,0.3,40.0,14.6,4.9,2.1,0.9,1.1,1.7,0.491,0.411,0.73,4356476.0,4.356476
RJ Barrett,SF,25.0,TOR,53.0,1596.0,17.1,0.589,25.7,1.9,1.8,3.7,0.113,1.2,-0.7,0.5,1.0,53.0,19.2,5.2,3.4,0.8,0.3,1.8,0.495,0.346,0.71,27705357.0,27.705357
Dillon Brooks,SF,30.0,PHO,52.0,1581.0,14.3,0.545,28.7,0.6,1.5,2.0,0.062,-0.9,-1.4,-2.2,-0.1,52.0,20.5,3.6,1.8,1.0,0.2,1.8,0.438,0.347,0.856,21124110.0,21.12411
Cameron Johnson,SF,29.0,DEN,52.0,1581.0,12.5,0.624,15.0,2.5,1.0,3.4,0.104,0.1,-0.9,-0.8,0.5,52.0,12.0,3.8,2.4,0.8,0.4,0.8,0.471,0.43,0.841,21057065.0,21.057065
Herbert Jones,SF,27.0,NOP,55.0,1580.0,9.0,0.49,15.2,-0.5,1.1,0.7,0.021,-3.8,0.5,-3.3,-0.5,55.0,8.9,3.4,2.8,1.6,0.5,1.3,0.382,0.309,0.806,13937574.0,13.937574
Cedric Coward,SG,22.0,MEM,60.0,1559.0,14.7,0.578,21.4,1.2,1.2,2.3,0.072,0.0,-0.6,-0.6,0.5,45.0,13.4,5.9,2.8,0.6,0.4,1.8,0.464,0.332,0.845,5715120.0,5.71512
Luke Kennard,SG,29.0,2TM,73.0,1545.0,13.0,0.706,13.0,2.9,1.2,4.0,0.126,0.0,0.0,0.0,0.8,1.0,8.1,2.2,1.9,0.6,0.1,0.7,0.542,0.487,0.926,11000000.0,11.0
Moses Moody,SG,23.0,GSW,60.0,1540.0,13.5,0.6,18.2,1.7,1.5,3.1,0.098,0.2,-0.3,-0.1,0.7,49.0,12.1,3.3,1.6,1.0,0.6,1.0,0.44,0.401,0.77,11574075.0,11.574075
Terance Mann,SG,29.0,BRK,63.0,1529.0,10.3,0.564,13.5,1.2,0.6,1.8,0.057,-2.7,-0.7,-3.4,-0.6,51.0,7.2,3.2,3.0,0.7,0.2,1.1,0.457,0.364,0.788,15500000.0,15.5
Isaiah Collier,PG,21.0,UTA,59.0,1517.0,14.9,0.567,20.5,1.4,0.3,1.7,0.053,-0.6,-1.8,-2.5,-0.2,19.0,11.7,2.5,7.2,1.1,0.3,2.5,0.495,0.27,0.722,2638200.0,2.6382
Jordan Goodwin,PG,27.0,PHO,67.0,1509.0,14.4,0.515,17.6,1.2,2.3,3.5,0.111,0.0,1.4,1.4,1.3,7.0,8.6,4.9,2.2,1.5,0.2,1.0,0.405,0.359,0.696,2349578.0,2.349578
Jock Landale,C,30.0,2TM,68.0,1506.0,16.6,0.595,18.3,2.8,1.2,3.9,0.125,0.9,-1.0,-0.1,0.7,27.0,10.6,5.7,1.7,0.5,0.5,0.9,0.515,0.383,0.635,2296274.0,2.296274
Bennedict Mathurin,SF,23.0,2TM,49.0,1505.0,14.9,0.582,25.5,1.0,1.0,2.0,0.064,-1.0,-1.6,-2.6,-0.2,25.0,18.5,5.5,2.2,0.8,0.2,2.2,0.436,0.32,0.871,9187573.0,9.187573
Brook Lopez,C,37.0,LAC,70.0,1502.0,12.1,0.547,17.1,0.4,1.6,2.0,0.065,-1.5,0.5,-1.0,0.4,35.0,8.2,3.4,1.3,0.6,1.2,0.8,0.423,0.354,0.773,8750000.0,8.75
Cody Williams,SG,21.0,UTA,63.0,1487.0,9.9,0.536,15.6,0.2,0.1,0.3,0.009,-3.4,-1.9,-5.3,-1.2,37.0,8.5,2.9,1.8,0.7,0.4,1.0,0.48,0.224,0.701,5742480.0,5.74248
Kevin Huerter,SF,27.0,2TM,66.0,1481.0,12.9,0.549,18.8,0.7,1.5,2.2,0.072,-1.3,0.3,-1.0,0.4,13.0,9.9,3.5,2.5,0.8,0.5,1.0,0.45,0.302,0.768,17991071.0,17.991071
Ron Holland,SF,20.0,DET,74.0,1468.0,11.7,0.521,18.9,-0.2,2.8,2.6,0.085,-3.4,1.4,-2.0,0.0,5.0,8.1,4.1,1.2,1.2,0.3,1.2,0.431,0.231,0.801,8657280.0,8.65728
Will Riley,SF,19.0,WAS,69.0,1466.0,12.5,0.564,19.6,0.8,0.0,0.7,0.024,-1.5,-2.5,-4.0,-0.7,16.0,10.0,2.7,1.8,0.7,0.1,1.2,0.453,0.335,0.799,3512520.0,3.51252
Jarrett Allen,C,27.0,CLE,54.0,1465.0,22.2,0.67,19.8,4.2,2.1,6.3,0.206,2.3,0.5,2.7,1.8,54.0,15.4,8.5,1.8,1.0,0.8,1.3,0.641,0.1,0.71,20000000.0,20.0
Kelly Oubre Jr.,SF,30.0,PHI,46.0,1463.0,12.9,0.582,18.2,1.1,1.3,2.4,0.08,-1.1,-0.5,-1.6,0.1,37.0,14.3,5.0,1.7,1.2,0.5,1.4,0.465,0.369,0.759,8382150.0,8.38215
Collin Sexton,SG,27.0,2TM,63.0,1463.0,17.6,0.625,25.7,2.6,1.2,3.8,0.126,1.5,-0.5,1.0,1.1,17.0,15.2,2.0,3.3,1.0,0.2,2.0,0.49,0.408,0.86,18975000.0,18.975
Dylan Harper,SG,19.0,SAS,65.0,1454.0,16.2,0.574,21.9,1.9,2.0,4.0,0.131,0.3,1.1,1.4,1.3,2.0,11.7,3.4,3.9,0.8,0.3,1.4,0.506,0.333,0.743,12370320.0,12.37032
Jaren Jackson Jr.,C,26.0,2TM,48.0,1454.0,15.8,0.576,26.2,0.1,1.4,1.6,0.052,-1.0,0.5,-0.6,0.5,48.0,19.4,5.7,2.0,1.1,1.4,2.2,0.476,0.357,0.803,35000000.0,35.0
Zaccharie Risacher,SF,20.0,ATL,64.0,1453.0,11.8,0.561,17.5,0.5,1.8,2.3,0.075,-2.2,-0.2,-2.4,-0.2,45.0,9.7,3.8,1.1,0.9,0.5,0.9,0.458,0.376,0.64,13197720.0,13.19772
Isaiah Joe,SG,26.0,OKC,68.0,1452.0,15.0,0.645,18.3,2.9,2.3,5.2,0.172,1.6,0.5,2.1,1.5,9.0,10.8,2.6,1.3,0.7,0.2,0.6,0.446,0.414,0.889,12362338.0,12.362338
Ivica Zubac,C,28.0,2TM,48.0,1446.0,18.7,0.622,19.3,2.6,1.6,4.2,0.139,0.7,-0.9,-0.3,0.6,47.0,14.1,10.6,2.2,0.4,0.8,1.8,0.598,,0.711,18893980.0,18.89398
Tre Johnson,SG,19.0,WAS,60.0,1443.0,10.6,0.535,22.6,-0.6,-0.1,-0.7,-0.024,-2.1,-2.9,-5.0,-1.1,42.0,12.2,2.8,2.0,0.6,0.3,1.6,0.419,0.358,0.874,8237640.0,8.23764
Lauri Markkanen,PF,28.0,UTA,42.0,1443.0,21.2,0.608,28.2,3.3,0.3,3.6,0.118,4.7,-2.1,2.6,1.6,42.0,26.7,6.9,2.1,1.0,0.5,1.5,0.477,0.355,0.896,46394100.0,46.3941
Klay Thompson,SF,35.0,DAL,66.0,1442.0,11.4,0.544,22.5,-0.3,0.9,0.6,0.02,0.1,-1.5,-1.4,0.2,8.0,11.8,2.1,1.4,0.5,0.3,0.9,0.395,0.386,0.756,16666667.0,16.666667
Shaedon Sharpe,SG,22.0,POR,48.0,1439.0,15.4,0.55,30.4,-0.3,1.6,1.3,0.043,-0.3,-0.9,-1.3,0.3,42.0,21.4,4.4,2.6,1.4,0.1,3.0,0.456,0.34,0.784,8399983.0,8.399983
Brandon Williams,PG,26.0,DAL,65.0,1438.0,16.8,0.571,25.2,1.1,1.3,2.4,0.081,0.1,0.2,0.3,0.8,15.0,13.0,2.9,3.9,0.9,0.3,1.9,0.47,0.234,0.795,2270735.0,2.270735
Jrue Holiday,PG,35.0,POR,49.0,1426.0,16.8,0.58,23.5,2.0,1.4,3.4,0.114,2.7,-0.5,2.2,1.5,47.0,16.3,4.5,6.1,1.1,0.1,2.8,0.458,0.389,0.83,32400000.0,32.4
Tari Eason,PF,24.0,HOU,55.0,1424.0,13.0,0.516,18.8,0.6,2.1,2.7,0.091,-1.7,0.1,-1.6,0.2,33.0,10.5,6.3,1.5,1.2,0.5,1.4,0.416,0.369,0.75,5675766.0,5.675766
Jalen Suggs,PG,24.0,ORL,52.0,1423.0,15.8,0.562,23.2,0.2,2.2,2.4,0.079,0.6,1.9,2.4,1.6,51.0,13.8,3.9,5.4,1.9,0.7,2.7,0.44,0.326,0.852,35000000.0,35.0
Bilal Coulibaly,SG,21.0,WAS,54.0,1422.0,12.9,0.521,19.6,-0.1,0.8,0.7,0.023,-2.2,-0.3,-2.6,-0.2,54.0,11.4,4.4,2.6,1.4,0.9,1.5,0.416,0.308,0.747,7275600.0,7.2756
Spencer Jones,SF,24.0,DEN,64.0,1417.0,9.3,0.619,9.7,1.5,1.2,2.6,0.089,-2.5,0.0,-2.5,-0.2,37.0,5.5,3.3,0.8,0.8,0.5,0.5,0.504,0.396,0.608,623967.0,0.623967
Sidy Cissoko,SF,21.0,POR,71.0,1414.0,7.1,0.514,12.6,0.0,1.3,1.3,0.044,-4.5,0.5,-4.1,-0.7,26.0,5.3,2.3,1.5,0.7,0.4,1.0,0.399,0.301,0.651,686243.0,0.686243
Grayson Allen,SG,30.0,PHO,48.0,1413.0,16.1,0.567,24.0,2.3,1.5,3.7,0.126,2.0,0.0,2.0,1.4,26.0,17.1,3.0,4.0,1.3,0.3,1.6,0.405,0.352,0.852,16875000.0,16.875
Ajay Mitchell,SG,23.0,OKC,54.0,1408.0,17.1,0.591,22.0,2.1,2.6,4.7,0.161,0.5,1.6,2.1,1.4,15.0,13.9,3.4,3.6,1.3,0.3,1.5,0.489,0.351,0.873,3000000.0,3.0
Ryan Kalkbrenner,C,24.0,CHO,65.0,1404.0,18.1,0.754,11.8,3.4,2.0,5.4,0.186,0.5,1.4,1.9,1.4,31.0,7.7,5.5,0.8,0.5,1.5,0.9,0.746,0.0,0.708,2296274.0,2.296274
Kyshawn George,SF,22.0,WAS,48.0,1391.0,13.9,0.559,22.8,0.2,0.5,0.7,0.023,-0.5,-0.7,-1.2,0.3,48.0,14.8,5.1,4.5,1.0,0.9,2.6,0.438,0.381,0.802,2966760.0,2.96676
Ben Sheppard,SG,24.0,IND,65.0,1390.0,9.8,0.561,13.8,0.8,0.6,1.4,0.048,-2.4,-0.7,-3.0,-0.4,20.0,7.1,3.0,1.8,0.6,0.1,0.6,0.434,0.362,0.765,2790720.0,2.79072
Vít Krejčí,PG,25.0,2TM,64.0,1387.0,11.2,0.611,14.6,1.6,1.3,2.9,0.1,-1.5,0.0,-1.5,0.2,8.0,8.6,2.3,1.6,0.7,0.3,0.6,0.448,0.391,0.745,2349578.0,2.349578
Keon Ellis,SG,26.0,2TM,68.0,1377.0,10.6,0.573,13.1,0.7,1.2,1.9,0.067,-1.9,1.4,-0.4,0.6,9.0,6.5,1.8,0.9,1.2,0.7,0.6,0.435,0.361,0.723,2301587.0,2.301587
Javonte Green,SG,32.0,DET,78.0,1376.0,13.6,0.599,14.7,1.7,2.6,4.3,0.15,-0.6,2.4,1.7,1.3,6.0,6.8,2.7,0.7,1.2,0.3,0.6,0.443,0.373,0.836,2296274.0,2.296274
Anfernee Simons,SG,26.0,2TM,55.0,1372.0,14.5,0.576,23.6,1.8,1.1,2.9,0.1,1.2,-1.4,-0.2,0.7,5.0,14.3,2.5,2.4,0.5,0.1,1.2,0.44,0.385,0.896,27678571.0,27.678571
Daniss Jenkins,PG,24.0,DET,68.0,1364.0,13.7,0.53,21.5,1.0,1.9,2.9,0.102,-0.5,0.2,-0.4,0.6,18.0,9.4,2.3,3.8,0.9,0.2,1.5,0.415,0.384,0.818,3809524.0,3.809524
Luke Kornet,C,30.0,SAS,65.0,1363.0,17.9,0.687,10.3,4.4,2.2,6.6,0.232,1.5,2.0,3.6,1.9,24.0,6.5,6.1,1.8,0.4,1.0,0.4,0.64,,0.821,11000000.0,11.0
Gary Trent Jr.,SG,27.0,MIL,64.0,1358.0,8.3,0.54,17.0,-0.1,0.2,0.1,0.003,-3.0,-2.2,-5.1,-1.1,21.0,8.2,1.0,1.2,0.5,0.0,0.6,0.39,0.368,0.765,3697105.0,3.697105
Khris Middleton,SF,34.0,2TM,58.0,1353.0,11.0,0.53,20.8,-0.3,0.5,0.2,0.007,-2.9,-1.4,-4.3,-0.8,46.0,10.4,3.8,2.9,0.7,0.2,1.8,0.42,0.351,0.867,33296296.0,33.296296
Will Richard,SG,23.0,GSW,66.0,1348.0,11.2,0.603,13.2,1.2,1.4,2.6,0.092,-2.5,0.9,-1.6,0.1,21.0,6.7,2.5,1.4,1.2,0.1,0.8,0.474,0.341,0.852,1272870.0,1.27287
Mark Williams,C,24.0,PHO,57.0,1342.0,21.8,0.672,17.4,3.8,2.2,6.0,0.213,1.5,0.5,1.9,1.3,52.0,11.6,8.0,1.0,0.9,0.9,1.1,0.637,1.0,0.767,6276531.0,6.276531
Walter Clayton,PG,22.0,2TM,66.0,1338.0,9.9,0.513,18.2,-0.2,0.3,0.1,0.004,-2.6,-1.9,-4.5,-0.8,4.0,7.5,2.0,4.0,0.7,0.3,1.7,0.377,0.294,0.895,3991320.0,3.99132
Ja'Kobe Walter,SG,21.0,TOR,67.0,1337.0,11.6,0.598,14.0,1.6,1.7,3.2,0.116,-1.7,1.0,-0.8,0.4,17.0,7.2,2.6,1.2,1.0,0.2,0.5,0.438,0.393,0.827,3638160.0,3.63816
Aaron Nesmith,SF,26.0,IND,45.0,1335.0,10.8,0.554,19.8,0.1,0.5,0.7,0.025,-1.7,-1.7,-3.4,-0.5,42.0,13.8,4.2,1.9,0.6,0.5,1.4,0.414,0.379,0.829,11000000.0,11.0
Christian Braun,SG,24.0,DEN,42.0,1333.0,12.7,0.606,14.9,2.1,0.7,2.9,0.103,-0.3,-0.9,-1.3,0.3,42.0,12.0,4.8,2.8,0.6,0.3,1.0,0.513,0.312,0.79,4921797.0,4.921797
Aaron Wiggins,SG,27.0,OKC,60.0,1330.0,11.9,0.542,20.0,-0.3,2.4,2.1,0.076,-1.4,0.7,-0.7,0.4,19.0,9.7,3.2,1.7,0.9,0.4,1.3,0.434,0.357,0.743,10102803.0,10.102803
Malik Monk,SG,27.0,SAC,59.0,1329.0,14.2,0.564,24.0,0.8,0.2,1.0,0.035,0.8,-2.1,-1.4,0.2,3.0,12.7,1.9,3.1,0.6,0.4,1.4,0.434,0.392,0.879,18797619.0,18.797619
Sam Merrill,SG,29.0,CLE,50.0,1322.0,13.5,0.644,17.1,2.6,0.8,3.5,0.125,1.1,-1.0,0.1,0.7,37.0,12.7,2.6,2.4,0.6,0.1,0.8,0.46,0.421,0.862,8482144.0,8.482144
Gui Santos,PF,23.0,GSW,65.0,1320.0,14.5,0.622,18.5,1.3,1.5,2.8,0.101,-0.6,0.5,-0.1,0.6,28.0,9.2,3.9,2.3,0.9,0.3,1.5,0.51,0.355,0.728,2221677.0,2.221677
Jose Alvarado,PG,27.0,2TM,67.0,1318.0,11.9,0.542,16.6,0.9,1.1,2.0,0.074,-1.6,0.2,-1.4,0.2,2.0,7.2,2.4,3.4,1.0,0.1,1.1,0.415,0.349,0.8,4500000.0,4.5
Patrick Williams,PF,24.0,CHI,67.0,1316.0,7.6,0.488,16.6,-1.2,0.8,-0.4,-0.015,-3.6,-1.3,-4.9,-1.0,4.0,6.6,2.9,1.3,0.6,0.3,1.0,0.371,0.347,0.677,18000000.0,18.0
Baylor Scheierman,SG,25.0,BOS,72.0,1309.0,11.0,0.603,11.3,1.6,1.6,3.3,0.12,-1.2,1.4,0.2,0.7,19.0,5.0,3.5,1.5,0.6,0.1,0.6,0.45,0.386,0.864,2619000.0,2.619
Egor Dёmin,PG,19.0,BRK,52.0,1308.0,11.3,0.561,18.8,0.2,0.7,0.9,0.033,-0.9,-0.7,-1.6,0.1,45.0,10.3,3.2,3.3,0.8,0.3,1.7,0.399,0.385,0.831,6889200.0,6.8892
Alex Sarr,C,20.0,WAS,48.0,1305.0,19.4,0.544,25.7,0.7,0.9,1.6,0.061,0.8,-0.2,0.7,0.9,48.0,16.3,7.4,2.7,0.8,2.0,1.7,0.482,0.333,0.692,11808240.0,11.80824
Justin Champagnie,SF,24.0,WAS,66.0,1299.0,17.7,0.601,16.5,2.5,0.7,3.2,0.119,0.9,-1.0,-0.1,0.6,18.0,8.6,5.5,1.2,0.8,0.6,0.6,0.514,0.327,0.784,2349578.0,2.349578
Ziaire Williams,SF,24.0,BRK,56.0,1281.0,12.5,0.579,18.8,0.5,1.1,1.6,0.06,-2.0,0.4,-1.7,0.1,13.0,10.2,2.4,1.1,1.4,0.4,1.1,0.425,0.343,0.85,6250000.0,6.25
Dean Wade,PF,29.0,CLE,57.0,1279.0,10.8,0.571,10.1,1.6,1.4,3.0,0.111,-1.0,1.0,0.1,0.7,36.0,5.8,4.2,1.5,0.8,0.4,0.3,0.432,0.354,0.711,6623456.0,6.623456
Ryan Dunn,SF,23.0,PHO,66.0,1277.0,11.8,0.531,13.8,0.7,1.7,2.5,0.092,-2.0,1.1,-0.9,0.3,14.0,5.8,4.2,1.4,0.9,0.4,0.8,0.452,0.335,0.476,2657760.0,2.65776
Isaiah Stewart,C,24.0,DET,55.0,1273.0,15.0,0.626,16.5,1.9,2.1,4.0,0.149,-1.1,1.2,0.1,0.7,13.0,10.0,5.1,1.2,0.3,1.6,1.1,0.541,0.333,0.76,15000000.0,15.0
Nicolas Batum,PF,37.0,LAC,71.0,1262.0,8.3,0.596,9.6,0.5,1.2,1.6,0.062,-1.8,0.6,-1.2,0.3,6.0,4.0,2.5,0.9,0.7,0.3,0.5,0.398,0.398,0.818,5601600.0,5.6016
Kevin Porter Jr.,PG,25.0,MIL,38.0,1261.0,18.7,0.567,24.3,1.5,1.3,2.8,0.106,0.8,1.2,2.0,1.3,36.0,17.4,5.2,7.4,2.2,0.5,2.9,0.465,0.322,0.878,5134000.0,5.134
Josh Okogie,SG,27.0,HOU,73.0,1259.0,10.0,0.557,11.4,1.0,1.5,2.5,0.097,-2.4,1.2,-1.2,0.2,29.0,4.6,2.5,0.8,0.8,0.2,0.5,0.438,0.397,0.571,2296274.0,2.296274
Yves Missi,C,21.0,NOP,65.0,1257.0,14.9,0.547,12.6,1.5,1.0,2.5,0.097,-1.5,-0.4,-1.9,0.0,13.0,5.5,5.7,1.2,0.3,1.5,0.8,0.533,0.0,0.561,3353040.0,3.35304
Kobe Sanders,SG,23.0,LAC,63.0,1249.0,9.2,0.583,16.1,0.0,0.9,0.9,0.034,-3.1,-0.5,-3.6,-0.5,16.0,6.9,2.3,1.6,0.7,0.1,1.3,0.46,0.402,0.789,475497.0,0.475497
Kris Murray,SF,25.0,POR,53.0,1249.0,9.5,0.538,10.7,0.8,1.2,2.0,0.076,-2.4,0.7,-1.6,0.1,15.0,5.8,3.7,1.4,0.9,0.4,0.8,0.457,0.265,0.706,3132000.0,3.132
Jaylin Williams,PF,23.0,OKC,62.0,1237.0,13.9,0.597,15.8,1.2,2.8,4.0,0.156,0.0,2.7,2.7,1.5,11.0,7.4,5.6,2.4,0.5,0.7,1.1,0.423,0.382,0.793,8450704.0,8.450704
Derrick Jones Jr.,SF,28.0,LAC,45.0,1226.0,13.6,0.605,15.2,1.6,1.1,2.6,0.104,-0.5,0.0,-0.5,0.5,40.0,10.4,3.3,1.4,1.0,1.0,0.8,0.504,0.352,0.759,10000000.0,10.0
Zach LaVine,SG,30.0,SAC,39.0,1224.0,14.7,0.614,23.7,1.2,0.1,1.3,0.05,0.7,-2.2,-1.5,0.2,37.0,19.2,2.8,2.3,0.7,0.3,1.9,0.479,0.39,0.88,47499660.0,47.49966
Darius Garland,PG,26.0,2TM,41.0,1224.0,17.4,0.59,27.3,1.7,0.8,2.5,0.097,2.5,-2.5,0.0,0.6,39.0,18.9,2.3,6.8,0.9,0.2,3.0,0.465,0.408,0.85,39446090.0,39.44609
Jordan Clarkson,SG,33.0,NYK,68.0,1223.0,11.8,0.551,21.0,0.9,1.0,1.9,0.076,-1.7,-1.5,-3.2,-0.4,1.0,8.8,1.8,1.3,0.4,0.1,0.9,0.45,0.333,0.824,12947835.0,12.947835
Stephen Curry,PG,37.0,GSW,39.0,1222.0,22.7,0.636,32.7,2.8,1.1,3.8,0.151,6.4,-1.0,5.4,2.3,39.0,27.2,3.5,4.8,1.1,0.4,2.8,0.468,0.391,0.931,59606817.0,59.606817
Drake Powell,SG,20.0,BRK,59.0,1204.0,7.7,0.541,14.5,-0.2,0.4,0.2,0.009,-4.2,-1.4,-5.6,-1.1,21.0,6.3,1.7,1.5,0.5,0.2,0.9,0.416,0.297,0.913,3372240.0,3.37224
Santi Aldama,PF,25.0,MEM,43.0,1198.0,16.4,0.572,20.2,1.3,1.1,2.4,0.097,1.3,0.4,1.7,1.1,11.0,14.0,6.7,2.9,0.9,0.7,1.3,0.479,0.35,0.667,18485916.0,18.485916
Coby White,SG,25.0,2TM,47.0,1197.0,16.1,0.591,28.6,1.2,0.7,1.9,0.074,0.4,-1.9,-1.4,0.2,26.0,17.5,3.6,4.2,0.5,0.1,2.6,0.444,0.352,0.823,12888889.0,12.888889
Jordan Miller,SF,26.0,LAC,55.0,1194.0,15.7,0.613,18.4,2.0,0.9,2.9,0.116,0.4,-0.6,-0.2,0.6,1.0,9.7,3.0,2.1,0.8,0.2,1.0,0.522,0.32,0.764,712637.0,0.712637
Nolan Traoré,PG,19.0,BRK,53.0,1190.0,7.3,0.473,22.2,-2.2,0.6,-1.7,-0.067,-5.1,-2.0,-7.1,-1.6,30.0,8.6,1.7,3.8,0.8,0.4,2.3,0.378,0.316,0.77,3811560.0,3.81156
Danny Wolf,PF,21.0,BRK,57.0,1187.0,12.3,0.521,20.6,-0.2,1.0,0.8,0.033,-2.2,-0.3,-2.5,-0.2,15.0,8.9,4.9,2.2,0.5,0.6,1.3,0.405,0.322,0.771,2801280.0,2.80128
Adem Bona,C,22.0,PHI,68.0,1183.0,13.2,0.642,11.2,1.5,1.4,2.8,0.115,-3.0,0.3,-2.7,-0.2,15.0,4.9,4.4,0.5,0.4,1.2,0.8,0.601,0.333,0.706,1955377.0,1.955377
Jimmy Butler,SF,36.0,GSW,38.0,1182.0,23.5,0.646,23.2,4.6,1.2,5.8,0.235,5.0,0.6,5.5,2.3,38.0,20.0,5.6,4.9,1.4,0.2,1.6,0.519,0.376,0.864,54126450.0,54.12645
Jaxson Hayes,C,25.0,LAL,65.0,1179.0,18.2,0.754,12.7,3.6,1.2,4.8,0.197,0.7,0.4,1.1,0.9,9.0,7.3,4.1,0.9,0.4,0.8,0.4,0.754,1.0,0.641,3449323.0,3.449323
De'Andre Hunter,SF,28.0,2TM,45.0,1176.0,11.4,0.545,22.9,0.1,1.0,1.1,0.044,-2.5,-1.5,-4.0,-0.6,25.0,13.7,4.1,2.0,0.7,0.1,1.7,0.415,0.305,0.867,23303571.0,23.303571
Daniel Gafford,C,27.0,DAL,54.0,1175.0,18.8,0.678,15.8,2.4,1.7,4.1,0.167,-0.5,1.2,0.7,0.8,43.0,9.6,6.9,1.1,0.7,1.2,1.2,0.657,,0.682,14386320.0,14.38632
Collin Murray-Boyles,PF,20.0,TOR,53.0,1164.0,16.0,0.615,15.5,1.9,1.7,3.5,0.146,-0.6,1.3,0.6,0.8,22.0,8.4,4.9,1.8,0.9,0.9,1.1,0.572,0.34,0.646,6332520.0,6.33252
Joel Embiid,C,31.0,PHI,37.0,1162.0,24.7,0.604,33.5,2.7,1.2,3.9,0.16,5.0,-0.3,4.8,2.0,37.0,26.7,7.6,4.0,0.6,1.1,2.8,0.491,0.333,0.854,55224526.0,55.224526
Day'Ron Sharpe,C,24.0,BRK,62.0,1160.0,20.6,0.638,19.9,2.0,1.5,3.5,0.145,0.4,1.0,1.4,1.0,7.0,8.7,6.7,2.3,1.1,0.4,1.7,0.601,0.231,0.678,6250000.0,6.25
GG Jackson II,PF,21.0,MEM,54.0,1160.0,15.6,0.592,23.5,0.4,0.9,1.4,0.056,-0.1,-1.2,-1.3,0.2,27.0,12.5,4.3,1.4,0.6,0.8,1.6,0.499,0.332,0.735,2221677.0,2.221677
Quinten Post,PF,25.0,GSW,67.0,1159.0,13.0,0.56,18.8,0.7,1.3,1.9,0.08,-1.0,-0.1,-1.1,0.3,35.0,7.7,4.0,1.4,0.4,0.5,0.8,0.44,0.336,0.791,1955377.0,1.955377
Jericho Sims,C,27.0,MIL,62.0,1155.0,12.1,0.784,9.2,2.0,0.6,2.6,0.107,-2.5,-1.0,-3.5,-0.5,16.0,4.4,5.3,1.3,0.2,0.2,1.1,0.793,,0.636,2461463.0,2.461463
Simone Fontecchio,SF,30.0,MIA,69.0,1146.0,13.3,0.567,19.6,1.2,1.2,2.4,0.099,0.3,-0.2,0.1,0.6,8.0,8.3,3.0,1.4,0.5,0.1,0.7,0.403,0.366,0.84,8307692.0,8.307692
Mouhamed Gueye,PF,23.0,ATL,74.0,1143.0,12.0,0.54,12.5,0.8,1.8,2.6,0.11,-2.6,1.2,-1.4,0.2,8.0,4.5,3.6,0.9,0.8,0.5,0.4,0.454,0.306,0.645,2221677.0,2.221677
Dru Smith,SG,28.0,MIA,70.0,1141.0,14.5,0.532,15.2,1.2,1.9,3.0,0.128,-1.5,3.6,2.1,1.2,1.0,5.6,2.5,2.6,1.4,0.3,0.8,0.415,0.295,0.829,2378870.0,2.37887
Andre Drummond,C,32.0,PHI,59.0,1141.0,16.0,0.538,14.9,1.3,1.7,3.0,0.126,-0.6,-0.3,-0.9,0.3,25.0,6.3,8.2,1.2,0.6,0.8,1.0,0.469,0.353,0.636,5000000.0,5.0
Mitchell Robinson,C,27.0,NYK,58.0,1136.0,20.7,0.676,10.6,3.2,2.3,5.5,0.231,1.8,1.3,3.2,1.5,16.0,5.6,8.7,0.9,0.9,1.1,0.7,0.724,,0.406,12954546.0,12.954546
Svi Mykhailiuk,SF,28.0,UTA,49.0,1132.0,11.5,0.631,14.5,1.4,-0.2,1.2,0.051,0.3,-1.9,-1.6,0.1,41.0,9.2,2.4,1.9,0.5,0.1,0.8,0.483,0.412,0.893,3675000.0,3.675
Marvin Bagley III,PF,26.0,2TM,56.0,1119.0,19.9,0.655,18.6,2.7,0.7,3.4,0.144,1.5,-1.0,0.5,0.7,10.0,10.3,6.1,1.4,0.5,0.7,1.1,0.616,0.452,0.652,2296274.0,2.296274
Jordan Walsh,PF,21.0,BOS,63.0,1108.0,13.2,0.624,11.7,1.7,1.7,3.5,0.15,-1.4,1.5,0.1,0.6,22.0,5.3,4.0,0.8,0.7,0.5,0.5,0.512,0.391,0.755,2221677.0,2.221677
Caris LeVert,SG,31.0,DET,57.0,1106.0,10.7,0.517,18.4,-0.3,1.7,1.5,0.063,-1.9,1.4,-0.5,0.4,0.0,7.4,2.0,2.7,0.8,0.7,1.4,0.419,0.33,0.658,14104000.0,14.104
Bones Hyland,PG,25.0,MIN,68.0,1105.0,14.7,0.592,20.4,1.6,1.2,2.8,0.123,0.8,0.5,1.3,0.9,3.0,8.2,1.7,2.6,0.6,0.2,0.9,0.452,0.38,0.778,2296274.0,2.296274
Pat Spencer,PG,29.0,GSW,61.0,1105.0,12.5,0.521,18.9,0.5,0.9,1.5,0.063,-1.5,-0.3,-1.8,0.0,12.0,7.1,2.4,3.5,0.7,0.1,1.3,0.433,0.358,0.774,857804.0,0.857804
Landry Shamet,SG,28.0,NYK,48.0,1102.0,11.7,0.604,16.0,1.6,1.0,2.6,0.112,-0.2,0.1,0.0,0.5,12.0,9.6,1.9,1.4,0.6,0.2,0.6,0.442,0.394,0.716,2296274.0,2.296274
Jalen Smith,C,25.0,CHI,53.0,1095.0,16.7,0.608,19.0,1.5,1.1,2.6,0.113,0.2,-0.9,-0.7,0.4,21.0,10.2,6.7,1.2,0.5,0.8,1.0,0.483,0.373,0.742,9000000.0,9.0
Isaiah Hartenstein,C,27.0,OKC,44.0,1089.0,19.7,0.625,16.3,2.3,2.7,5.0,0.221,1.0,3.1,4.2,1.7,43.0,9.4,9.6,3.6,1.1,0.8,1.8,0.618,0.0,0.594,28500000.0,28.5
Kentavious Caldwell-Pope,SG,32.0,MEM,51.0,1088.0,11.0,0.533,17.7,0.2,0.6,0.8,0.037,-2.2,-0.2,-2.5,-0.1,14.0,8.4,2.5,2.7,0.8,0.2,1.2,0.41,0.316,0.913,21621500.0,21.6215
Taylor Hendricks,PF,22.0,2TM,57.0,1084.0,11.5,0.551,16.1,0.2,0.7,0.9,0.039,-1.9,-1.1,-2.9,-0.3,15.0,7.2,3.7,0.9,0.8,0.5,0.9,0.449,0.328,0.662,6127080.0,6.12708
Jusuf Nurkić,C,31.0,UTA,41.0,1083.0,16.5,0.548,19.4,0.5,1.1,1.5,0.068,-0.4,1.6,1.2,0.9,36.0,10.9,10.4,4.8,1.3,0.5,2.5,0.503,0.352,0.549,19375000.0,19.375
Jared McCain,SG,21.0,2TM,62.0,1075.0,11.6,0.55,20.5,0.2,1.1,1.4,0.061,-1.4,-0.7,-2.1,0.0,1.0,8.3,2.1,1.3,0.5,0.1,0.8,0.422,0.39,0.873,4221360.0,4.22136
Luka Garza,C,27.0,BOS,67.0,1064.0,19.7,0.689,17.0,3.7,1.2,5.0,0.225,2.3,0.2,2.5,1.2,5.0,7.7,3.9,0.9,0.4,0.4,0.6,0.583,0.441,0.764,2461463.0,2.461463
Hugo González,SF,19.0,BOS,72.0,1057.0,10.0,0.557,11.8,0.5,1.6,2.1,0.095,-3.2,1.5,-1.7,0.1,3.0,3.9,3.4,0.5,0.5,0.3,0.5,0.473,0.357,0.5,2783880.0,2.78388
Craig Porter Jr.,PG,25.0,CLE,60.0,1054.0,13.3,0.51,12.4,1.0,1.4,2.4,0.109,-0.3,2.1,1.8,1.0,2.0,4.3,3.3,3.2,0.9,0.6,0.9,0.439,0.345,0.556,2221677.0,2.221677
Gary Payton II,SG,33.0,GSW,68.0,1051.0,18.0,0.624,18.5,1.7,1.4,3.2,0.145,0.6,1.4,1.9,1.0,1.0,7.3,3.7,1.7,0.9,0.3,0.9,0.574,0.303,0.588,2296274.0,2.296274
Jarred Vanderbilt,PF,26.0,LAL,60.0,1051.0,11.3,0.544,12.3,0.4,1.3,1.8,0.08,-2.4,0.8,-1.6,0.1,3.0,4.5,4.5,1.2,0.9,0.3,0.8,0.466,0.297,0.623,11571429.0,11.571429
Jakob Poeltl,C,30.0,TOR,41.0,1047.0,18.3,0.699,14.8,2.5,1.6,4.1,0.188,0.4,1.3,1.7,1.0,39.0,10.8,7.4,2.1,0.9,0.7,1.1,0.696,,0.633,19500000.0,19.5
Gradey Dick,SG,22.0,TOR,71.0,1042.0,10.6,0.536,18.6,0.1,1.2,1.3,0.061,-3.2,-0.5,-3.8,-0.5,1.0,6.2,2.1,0.7,0.6,0.1,0.6,0.417,0.297,0.871,4990560.0,4.99056
Giannis Antetokounmpo,PF,31.0,MIL,36.0,1039.0,32.7,0.658,37.0,3.9,1.1,5.0,0.232,7.7,1.8,9.5,3.0,36.0,27.6,9.8,5.4,0.9,0.7,3.2,0.624,0.333,0.65,54126450.0,54.12645
Corey Kispert,SF,26.0,2TM,55.0,1035.0,13.0,0.604,18.5,1.3,0.5,1.7,0.08,-0.1,-1.9,-2.0,0.0,9.0,9.1,2.3,1.6,0.3,0.2,0.8,0.464,0.357,0.82,13975000.0,13.975
Paul George,PF,35.0,PHI,33.0,1018.0,17.6,0.577,23.4,1.2,1.3,2.5,0.118,1.5,0.7,2.2,1.1,33.0,17.8,5.4,3.8,1.8,0.5,1.7,0.442,0.397,0.84,51666090.0,51.66609
Miles McBride,SG,25.0,NYK,38.0,1017.0,13.0,0.579,18.0,1.5,1.0,2.5,0.119,0.9,0.1,1.0,0.8,14.0,12.1,2.5,2.7,0.8,0.2,0.8,0.423,0.412,0.814,4333333.0,4.333333
De'Anthony Melton,PG,27.0,GSW,44.0,1012.0,13.2,0.511,26.1,-0.9,1.4,0.5,0.024,-3.1,0.2,-2.9,-0.2,20.0,12.5,3.3,2.5,1.7,0.4,1.9,0.404,0.283,0.827,3080921.0,3.080921
John Konchar,SG,29.0,2TM,52.0,988.0,12.7,0.564,9.0,1.0,1.0,2.0,0.097,-1.6,2.1,0.5,0.6,8.0,4.1,3.9,1.8,1.3,0.6,0.5,0.471,0.278,0.694,6165000.0,6.165
Alex Caruso,SG,31.0,OKC,53.0,984.0,12.9,0.536,15.7,0.3,2.2,2.5,0.124,-1.4,3.4,2.0,1.0,0.0,6.3,2.8,2.0,1.3,0.3,0.8,0.421,0.289,0.804,18102000.0,18.102
T.J. McConnell,PG,33.0,IND,56.0,963.0,20.6,0.567,23.2,1.8,0.8,2.6,0.13,2.1,0.4,2.5,1.1,4.0,9.4,2.2,5.1,1.0,0.2,1.1,0.538,0.32,0.862,10200000.0,10.2
Ochai Agbaji,SG,25.0,2TM,61.0,955.0,8.6,0.524,14.4,0.1,0.8,0.9,0.044,-3.6,-0.5,-4.1,-0.5,13.0,5.0,2.2,0.7,0.4,0.3,0.5,0.435,0.258,0.837,6383525.0,6.383525
Aaron Gordon,PF,30.0,DEN,34.0,952.0,18.3,0.618,22.2,2.2,0.7,2.9,0.146,2.6,-1.3,1.3,0.8,31.0,16.3,5.8,2.5,0.6,0.3,1.1,0.497,0.39,0.764,22841455.0,22.841455
Tyler Herro,SG,26.0,MIA,30.0,952.0,17.5,0.605,25.2,1.4,0.9,2.3,0.114,2.7,-0.5,2.2,1.0,25.0,21.4,4.6,3.9,0.7,0.4,2.0,0.481,0.382,0.923,31000000.0,31.0
Rayan Rupert,SG,21.0,2TM,61.0,952.0,7.0,0.487,13.4,-0.5,1.0,0.5,0.025,-5.5,0.0,-5.5,-0.9,6.0,4.3,2.5,0.8,0.8,0.1,0.7,0.39,0.342,0.735,2353647.0,2.353647
Olivier-Maxence Prosper,PF,23.0,MEM,51.0,950.0,16.5,0.655,18.4,1.7,0.7,2.4,0.12,0.8,-1.1,-0.3,0.4,22.0,9.7,3.5,1.0,0.8,0.3,0.9,0.54,0.399,0.764,1002360.0,1.00236
Tyus Jones,PG,29.0,3TM,65.0,935.0,8.2,0.443,10.5,0.2,0.7,1.0,0.049,-3.0,0.6,-2.4,-0.1,10.0,2.8,1.0,2.3,0.6,0.0,0.3,0.346,0.277,0.778,7000000.0,7.0
Al Horford,C,39.0,GSW,43.0,933.0,14.8,0.554,16.5,0.8,1.3,2.1,0.108,0.3,1.4,1.8,0.9,12.0,8.3,5.0,2.6,0.7,1.2,1.0,0.424,0.36,0.846,5685000.0,5.685
Guerschon Yabusele,C,30.0,2TM,64.0,933.0,11.3,0.547,16.2,0.5,0.9,1.4,0.072,-1.5,-0.5,-2.0,0.0,16.0,5.5,3.3,0.9,0.4,0.2,0.6,0.403,0.357,0.743,5500000.0,5.5
Robert Williams,C,28.0,POR,55.0,932.0,22.4,0.728,13.0,2.3,1.9,4.2,0.215,2.1,2.5,4.7,1.6,1.0,6.7,6.9,1.0,0.6,1.5,0.8,0.716,0.333,0.617,13285713.0,13.285713
Ousmane Dieng,C,22.0,2TM,52.0,932.0,10.6,0.525,18.9,-0.3,0.8,0.6,0.03,-2.1,-0.7,-2.8,-0.2,15.0,7.0,2.8,2.0,0.4,0.3,1.0,0.425,0.367,0.759,6670882.0,6.670882
Franz Wagner,SF,24.0,ORL,30.0,928.0,19.3,0.589,26.6,1.6,1.0,2.6,0.134,2.6,-0.1,2.5,1.0,28.0,20.9,5.5,3.5,1.0,0.3,1.7,0.481,0.339,0.827,38661750.0,38.66175
Mike Conley,PG,38.0,MIN,51.0,925.0,8.9,0.491,11.4,0.7,0.9,1.7,0.088,-2.7,1.0,-1.7,0.1,13.0,4.3,1.7,2.9,0.6,0.3,0.6,0.315,0.312,0.896,11499872.0,11.499872
Justin Edwards,SF,22.0,PHI,60.0,920.0,12.1,0.576,15.9,0.8,0.8,1.6,0.085,-1.8,0.4,-1.3,0.2,12.0,6.0,1.5,1.3,0.8,0.2,0.6,0.449,0.367,0.846,2048494.0,2.048494
Nae'Qwan Tomlin,PF,25.0,CLE,60.0,913.0,12.3,0.534,15.4,0.8,1.0,1.9,0.099,-2.6,0.3,-2.3,-0.1,2.0,5.5,2.7,0.8,0.7,0.5,0.4,0.47,0.204,0.75,718150.0,0.71815
Karlo Matković,PF,24.0,NOP,62.0,912.0,16.6,0.696,13.2,1.8,0.9,2.7,0.142,0.2,0.4,0.6,0.6,2.0,5.7,3.7,0.8,0.4,0.9,0.5,0.604,0.422,0.732,1955377.0,1.955377
Isaiah Jackson,C,24.0,2TM,55.0,908.0,17.3,0.653,16.2,1.5,1.1,2.6,0.138,-1.9,0.7,-1.2,0.2,14.0,6.7,5.3,0.9,0.7,0.9,1.1,0.637,0.0,0.648,7600000.0,7.6
Cam Thomas,SG,24.0,2TM,42.0,881.0,12.6,0.53,30.3,-0.5,0.1,-0.4,-0.023,-1.2,-4.0,-5.2,-0.7,8.0,13.5,1.7,2.6,0.2,0.1,1.8,0.41,0.31,0.811,6837779.0,6.837779
Bryce McGowens,SG,23.0,NOP,42.0,880.0,11.8,0.61,14.1,1.4,0.3,1.7,0.095,-2.0,-0.9,-2.9,-0.2,13.0,8.1,2.1,1.5,0.6,0.2,0.4,0.481,0.409,0.779,724598.0,0.724598
Jalen Williams,SG,24.0,OKC,31.0,878.0,18.9,0.554,26.5,1.1,1.6,2.8,0.152,1.1,1.1,2.1,0.9,31.0,17.1,4.6,5.4,1.2,0.3,1.9,0.48,0.297,0.826,6580997.0,6.580997
Goga Bitadze,C,26.0,ORL,59.0,877.0,19.4,0.697,13.1,2.4,1.4,3.8,0.21,0.6,2.0,2.5,1.0,3.0,5.5,4.7,1.3,0.6,0.9,0.6,0.672,0.182,0.705,8333333.0,8.333333
Josh Green,SG,25.0,CHO,54.0,877.0,9.8,0.645,10.8,1.0,0.8,1.8,0.1,-1.7,1.0,-0.7,0.3,0.0,4.5,1.8,0.9,0.6,0.1,0.6,0.46,0.421,0.893,13666667.0,13.666667
Kasparas Jakučionis,PG,19.0,MIA,49.0,874.0,11.8,0.607,13.8,1.2,0.8,2.0,0.111,-1.1,0.7,-0.4,0.3,11.0,6.2,2.6,2.6,0.6,0.1,1.0,0.424,0.418,0.883,3658800.0,3.6588
Jordan Poole,PG,26.0,NOP,37.0,873.0,11.2,0.524,24.9,-0.1,0.2,0.2,0.009,-1.1,-2.4,-3.5,-0.3,6.0,12.9,1.9,3.0,0.5,0.4,1.7,0.365,0.326,0.876,31848215.0,31.848215
Clint Capela,C,31.0,HOU,70.0,868.0,17.4,0.533,13.4,1.1,1.6,2.7,0.149,-0.7,0.9,0.2,0.5,2.0,3.6,4.6,0.7,0.5,0.8,0.6,0.512,,0.597,6700000.0,6.7
Jaden Hardy,SG,23.0,2TM,55.0,868.0,11.2,0.571,24.4,-0.2,0.1,-0.1,-0.006,-1.3,-3.2,-4.5,-0.5,4.0,9.3,1.5,0.9,0.3,0.1,1.1,0.429,0.398,0.754,6000000.0,6.0
Trendon Watford,PF,25.0,PHI,52.0,857.0,13.1,0.572,17.9,0.6,0.7,1.4,0.077,-2.1,0.2,-1.9,0.0,7.0,6.6,3.4,2.5,0.3,0.4,1.2,0.513,0.2,0.779,2461463.0,2.461463
Caleb Martin,SF,30.0,DAL,58.0,856.0,9.4,0.526,12.5,-0.1,0.9,0.9,0.05,-4.0,1.7,-2.3,-0.1,12.0,3.9,2.5,1.4,0.7,0.3,0.7,0.45,0.351,0.607,9594044.0,9.594044
Kobe Brown,PF,26.0,2TM,57.0,845.0,12.2,0.596,15.8,0.7,0.5,1.2,0.066,-1.3,-1.5,-2.8,-0.2,6.0,5.5,2.9,1.2,0.3,0.2,0.8,0.473,0.367,0.796,2654880.0,2.65488
Paul Reed,C,26.0,DET,61.0,841.0,23.3,0.635,20.5,1.9,2.0,3.9,0.225,1.8,2.9,4.7,1.4,9.0,7.5,4.5,1.2,0.9,0.9,0.9,0.601,0.324,0.65,5335894.0,5.335894
Gabe Vincent,PG,29.0,2TM,50.0,840.0,6.2,0.5,12.4,0.0,0.5,0.5,0.029,-4.1,-0.6,-4.7,-0.6,7.0,4.4,1.0,1.4,0.5,0.1,0.5,0.344,0.331,0.95,11500000.0,11.5
Rob Dillingham,PG,21.0,2TM,60.0,838.0,7.1,0.448,22.5,-1.8,0.8,-1.0,-0.057,-6.7,-0.8,-7.5,-1.2,0.0,5.5,1.8,2.2,0.7,0.1,1.4,0.38,0.308,0.756,6576120.0,6.57612
Vince Williams Jr.,SG,25.0,2TM,40.0,820.0,10.7,0.478,19.5,-0.4,0.6,0.2,0.012,-1.5,0.5,-1.0,0.2,12.0,7.5,3.9,4.2,0.7,0.4,1.8,0.353,0.311,0.78,2301587.0,2.301587
Josh Minott,PF,23.0,2TM,48.0,816.0,15.8,0.655,16.4,1.2,1.1,2.4,0.138,1.3,1.1,2.4,0.9,11.0,7.3,3.3,0.9,0.9,0.4,0.9,0.498,0.426,0.793,2378870.0,2.37887
Dwight Powell,C,34.0,DAL,58.0,813.0,12.4,0.71,8.8,1.4,0.9,2.3,0.136,-3.0,1.5,-1.5,0.1,10.0,3.3,3.8,0.9,0.5,0.3,0.6,0.667,0.333,0.685,4000000.0,4.0
Nikola Jović,PF,22.0,MIA,47.0,808.0,9.5,0.48,21.3,-0.9,1.0,0.0,0.002,-3.5,-0.1,-3.5,-0.3,1.0,7.3,3.3,2.2,0.6,0.4,1.4,0.366,0.269,0.683,4445417.0,4.445417
Buddy Hield,SG,33.0,2TM,50.0,798.0,11.9,0.552,19.7,0.0,0.8,0.8,0.049,-1.6,-0.2,-1.7,0.1,3.0,7.2,2.3,1.4,0.8,0.2,0.9,0.424,0.333,0.811,9219512.0,9.219512
Jonas Valančiūnas,C,33.0,DEN,61.0,797.0,20.8,0.621,25.6,1.5,1.0,2.5,0.149,-0.2,-0.5,-0.7,0.3,5.0,8.2,4.8,1.1,0.2,0.5,1.1,0.571,0.3,0.772,10395000.0,10.395
Keegan Murray,PF,25.0,SAC,23.0,793.0,11.7,0.499,18.7,-0.2,0.4,0.2,0.01,-2.0,-1.1,-3.1,-0.2,22.0,14.0,5.7,1.7,1.0,1.6,1.2,0.42,0.277,0.776,11144093.0,11.144093
Anthony Gill,PF,33.0,WAS,50.0,791.0,13.1,0.664,12.1,1.2,0.1,1.3,0.079,-1.5,-1.2,-2.7,-0.1,3.0,5.2,2.8,1.2,0.5,0.4,0.7,0.613,0.325,0.767,2296274.0,2.296274
Ben Saraf,SG,19.0,BRK,40.0,785.0,6.8,0.471,20.5,-1.6,0.4,-1.2,-0.071,-6.1,-1.8,-7.9,-1.2,7.0,6.6,1.9,3.3,0.8,0.1,2.2,0.382,0.216,0.817,2884560.0,2.88456
Jaylen Clark,SG,24.0,MIN,63.0,784.0,10.1,0.53,13.4,0.5,0.9,1.5,0.089,-3.3,0.6,-2.7,-0.1,0.0,3.8,1.8,0.5,0.6,0.1,0.3,0.432,0.31,0.657,2191897.0,2.191897
Jevon Carter,PG,30.0,2TM,48.0,776.0,10.4,0.527,17.6,0.0,0.7,0.7,0.04,-1.7,0.1,-1.6,0.1,1.0,6.4,1.6,1.6,0.7,0.2,0.7,0.389,0.355,0.789,7680524.0,7.680524
Tyrese Martin,SG,26.0,2TM,45.0,775.0,10.3,0.501,18.5,-0.3,0.4,0.1,0.007,-1.9,-1.4,-3.3,-0.3,6.0,6.4,2.6,1.7,0.6,0.1,0.9,0.394,0.321,0.679,2191897.0,2.191897
Micah Potter,C,27.0,IND,42.0,774.0,16.7,0.686,17.2,1.7,0.5,2.3,0.14,1.4,-0.8,0.6,0.5,3.0,9.0,4.4,1.4,0.4,0.3,0.9,0.513,0.429,0.881,1527805.0,1.527805
Micah Peavy,SG,24.0,NOP,57.0,772.0,8.3,0.439,14.2,-0.2,0.4,0.3,0.017,-4.5,-0.6,-5.1,-0.6,1.0,3.8,1.8,0.9,0.7,0.1,0.3,0.376,0.245,0.714,1272870.0,1.27287
Kenrich Williams,PF,31.0,OKC,51.0,767.0,14.4,0.593,17.7,0.8,1.4,2.3,0.141,0.2,0.7,0.9,0.6,2.0,6.4,3.1,1.3,0.6,0.1,0.8,0.492,0.402,0.64,7163000.0,7.163
Kyle Anderson,SF,32.0,3TM,39.0,762.0,12.9,0.572,13.2,0.7,0.7,1.4,0.091,-1.7,1.6,-0.1,0.4,3.0,6.0,3.4,2.8,1.0,0.6,1.0,0.525,0.4,0.705,9219512.0,9.219512
Julian Strawther,SG,23.0,DEN,53.0,759.0,11.6,0.576,19.0,0.4,0.5,0.9,0.059,-1.8,-1.2,-3.0,-0.2,12.0,6.5,1.9,1.0,0.4,0.1,0.6,0.456,0.362,0.806,2674200.0,2.6742
Jalen Green,SG,23.0,PHO,29.0,757.0,15.5,0.518,32.1,-0.4,0.9,0.5,0.029,0.3,-0.9,-0.6,0.3,24.0,18.2,3.7,3.0,1.1,0.1,2.2,0.421,0.321,0.756,33584499.0,33.584499
Jonathan Kuminga,PF,23.0,2TM,33.0,754.0,14.1,0.562,23.2,0.1,0.8,0.9,0.058,-1.6,-0.6,-2.2,0.0,14.0,11.9,5.6,2.3,0.6,0.3,2.0,0.465,0.375,0.723,23799569.0,23.799569
Jabari Walker,PF,23.0,PHI,62.0,750.0,12.2,0.561,14.9,0.8,0.7,1.5,0.099,-2.3,-0.7,-2.9,-0.2,6.0,4.3,3.0,0.5,0.4,0.2,0.4,0.448,0.33,0.75,724598.0,0.724598
Noah Penda,SF,21.0,ORL,56.0,741.0,11.7,0.516,15.0,0.2,1.0,1.1,0.072,-1.9,0.6,-1.3,0.1,2.0,4.1,3.3,1.2,0.5,0.3,0.8,0.412,0.333,0.688,1272870.0,1.27287
Jalen Pickett,SG,26.0,DEN,47.0,741.0,10.4,0.546,14.2,0.6,0.4,1.0,0.064,-1.1,-1.0,-2.1,0.0,18.0,4.9,2.3,2.2,0.3,0.1,0.6,0.424,0.386,0.867,2221677.0,2.221677
Steven Adams,C,32.0,HOU,32.0,730.0,15.8,0.535,12.1,1.1,1.0,2.1,0.141,-0.2,-0.4,-0.5,0.3,11.0,5.8,8.6,1.5,0.7,0.6,1.1,0.504,,0.58,14130434.0,14.130434
Lonzo Ball,PG,28.0,CLE,35.0,728.0,9.5,0.432,13.7,-0.4,1.0,0.6,0.042,-3.0,1.8,-1.1,0.1,3.0,4.6,4.0,3.9,1.3,0.3,1.5,0.301,0.272,0.667,10000000.0,10.0
Tyler Kolek,PG,24.0,NYK,62.0,727.0,12.5,0.533,18.3,0.6,0.8,1.4,0.094,-0.8,0.1,-0.6,0.3,1.0,4.4,1.6,2.7,0.4,0.1,0.9,0.435,0.386,0.7,2191897.0,2.191897
Carter Bryant,PF,20.0,SAS,67.0,725.0,8.8,0.497,16.3,-0.2,1.1,0.9,0.058,-4.0,0.1,-4.0,-0.4,0.0,3.7,2.4,0.5,0.2,0.3,0.4,0.386,0.307,0.711,4900320.0,4.90032
Jalen Wilson,PF,25.0,BRK,49.0,716.0,8.2,0.534,18.0,-0.2,0.3,0.1,0.007,-3.5,-2.1,-5.5,-0.6,1.0,5.8,1.8,0.7,0.4,0.0,0.6,0.386,0.355,0.733,2221677.0,2.221677
Thomas Bryant,C,28.0,CLE,59.0,706.0,17.0,0.62,18.8,1.3,0.9,2.2,0.149,0.6,-0.7,-0.2,0.3,0.0,6.0,3.3,0.5,0.3,0.4,0.5,0.5,0.354,0.803,2296274.0,2.296274
Nick Richards,C,28.0,2TM,48.0,701.0,12.0,0.562,18.3,-0.2,0.8,0.6,0.039,-4.9,-1.3,-6.2,-0.7,6.0,5.8,5.1,0.3,0.2,0.7,1.2,0.512,0.278,0.644,5000000.0,5.0
Aaron Holiday,PG,29.0,HOU,52.0,698.0,9.4,0.559,17.2,0.5,0.6,1.1,0.074,-2.8,-0.5,-3.3,-0.2,1.0,5.4,0.9,1.0,0.4,0.1,0.7,0.402,0.385,0.865,2296274.0,2.296274
Kristaps Porziņģis,C,30.0,2TM,29.0,696.0,20.6,0.592,27.8,1.4,0.9,2.3,0.16,2.5,0.6,3.1,0.9,20.0,17.3,5.0,2.6,0.6,1.3,1.3,0.454,0.353,0.836,30731707.0,30.731707
Jett Howard,SF,22.0,ORL,55.0,695.0,11.3,0.561,17.3,0.7,0.5,1.2,0.084,-0.8,-1.1,-1.9,0.0,0.0,5.5,1.6,0.8,0.2,0.2,0.3,0.418,0.372,0.949,5529720.0,5.52972
Jaden Ivey,SG,23.0,2TM,37.0,670.0,13.0,0.571,19.7,0.5,0.9,1.3,0.096,-0.2,0.2,0.0,0.3,5.0,8.5,2.5,1.8,0.6,0.4,1.1,0.445,0.373,0.809,10107163.0,10.107163
Tre Mann,PG,24.0,CHO,51.0,661.0,8.6,0.466,23.2,-0.7,0.7,0.0,0.003,-4.3,-0.7,-5.0,-0.5,1.0,5.7,1.8,1.7,0.5,0.1,1.0,0.362,0.327,0.852,8000000.0,8.0
Johnny Furphy,SG,21.0,IND,35.0,643.0,9.2,0.547,12.8,0.0,0.5,0.5,0.035,-3.9,0.1,-3.8,-0.3,21.0,5.1,4.4,1.2,0.6,0.2,0.8,0.47,0.324,0.486,1955377.0,1.955377
Gary Harris,SG,31.0,MIL,46.0,632.0,7.9,0.611,8.3,0.4,0.3,0.7,0.054,-3.3,0.7,-2.6,-0.1,2.0,2.6,1.2,1.1,0.6,0.2,0.4,0.453,0.422,0.889,3634153.0,3.634153
Anthony Davis,PF,32.0,DAL,20.0,626.0,21.6,0.551,27.5,0.4,1.0,1.4,0.104,1.5,0.9,2.4,0.7,20.0,20.4,11.1,2.8,1.1,1.7,2.1,0.506,0.27,0.728,54126450.0,54.12645
Grant Williams,PF,27.0,CHO,32.0,624.0,12.5,0.605,14.6,1.0,0.6,1.6,0.123,0.3,0.6,1.0,0.5,3.0,7.0,3.9,1.7,0.3,0.4,0.9,0.423,0.381,0.808,13645500.0,13.6455
Scoot Henderson,PG,21.0,POR,26.0,616.0,13.0,0.553,26.1,0.2,0.5,0.8,0.06,-1.6,-0.9,-2.5,-0.1,6.0,14.0,2.7,3.8,0.7,0.3,2.5,0.417,0.348,0.835,10748040.0,10.74804
Kevin Love,PF,37.0,UTA,37.0,613.0,14.8,0.568,16.7,0.8,0.3,1.1,0.089,1.1,-0.9,0.2,0.3,5.0,6.7,5.8,1.8,0.4,0.2,0.8,0.397,0.373,0.841,4150000.0,4.15
Dorian Finney-Smith,PF,32.0,HOU,36.0,599.0,5.5,0.449,10.5,-0.1,0.6,0.5,0.037,-4.4,0.0,-4.4,-0.4,1.0,3.2,2.5,1.0,0.4,0.2,0.6,0.331,0.274,0.857,12700000.0,12.7
Rasheer Fleming,PF,21.0,PHO,51.0,597.0,11.0,0.519,16.3,0.2,0.6,0.9,0.069,-2.5,-1.0,-3.5,-0.2,0.0,4.2,2.3,0.2,0.4,0.4,0.4,0.407,0.345,0.563,1272870.0,1.27287
Mohamed Diawara,SF,20.0,NYK,67.0,590.0,10.7,0.566,17.2,0.3,0.7,1.0,0.078,-1.4,0.0,-1.4,0.1,6.0,3.6,1.3,0.7,0.2,0.1,0.4,0.436,0.39,0.737,1272870.0,1.27287
Jordan Hawkins,SG,23.0,NOP,47.0,587.0,6.0,0.46,16.8,-0.6,0.1,-0.5,-0.043,-3.8,-3.1,-6.9,-0.7,0.0,4.1,1.5,0.6,0.2,0.2,0.6,0.343,0.336,0.8,4741320.0,4.74132
Zeke Nnaji,PF,25.0,DEN,49.0,585.0,10.4,0.562,13.7,0.2,0.6,0.8,0.067,-3.5,-0.1,-3.5,-0.2,3.0,3.7,2.6,0.5,0.3,0.4,0.5,0.471,0.265,0.773,8177778.0,8.177778
Devin Carter,PG,23.0,SAC,34.0,574.0,13.3,0.503,23.5,-0.2,0.3,0.1,0.006,-1.9,-1.2,-3.1,-0.2,8.0,8.1,3.0,2.3,0.8,0.2,1.3,0.398,0.253,0.797,4923720.0,4.92372
Jase Richardson,SG,20.0,ORL,51.0,571.0,11.1,0.569,16.7,0.5,0.4,0.9,0.074,-1.9,-1.0,-2.9,-0.1,0.0,4.5,1.2,1.1,0.3,0.0,0.5,0.464,0.359,0.727,2983320.0,2.98332
Tidjane Salaün,PF,20.0,CHO,36.0,571.0,13.1,0.632,14.8,0.7,0.8,1.4,0.122,-1.0,0.4,-0.5,0.2,0.0,6.2,4.1,0.8,0.4,0.2,0.7,0.506,0.434,0.65,7863240.0,7.86324
Ja Morant,PG,26.0,MEM,20.0,569.0,16.7,0.521,32.5,0.0,0.3,0.3,0.029,0.5,-2.0,-1.5,0.1,20.0,19.5,3.3,8.1,1.0,0.3,3.6,0.41,0.235,0.897,39446090.0,39.44609
Domantas Sabonis,C,29.0,SAC,19.0,564.0,19.2,0.59,23.1,0.7,0.4,1.1,0.095,0.7,-0.2,0.6,0.4,15.0,15.8,11.4,4.1,0.9,0.2,2.7,0.543,0.185,0.727,42336000.0,42.336
Drew Eubanks,C,28.0,SAC,42.0,552.0,13.6,0.605,16.3,0.3,0.3,0.6,0.053,-3.0,-0.8,-3.7,-0.2,11.0,5.2,3.0,0.5,0.4,0.6,0.7,0.596,0.143,0.561,2296274.0,2.296274
Leonard Miller,SF,22.0,2TM,41.0,548.0,15.6,0.622,18.7,0.7,0.5,1.2,0.103,-0.3,-1.0,-1.3,0.1,7.0,6.7,3.4,0.7,0.3,0.2,0.6,0.542,0.308,0.738,2221677.0,2.221677
Dalen Terry,SG,23.0,2TM,47.0,546.0,11.6,0.522,14.8,0.2,0.5,0.7,0.061,-2.5,0.7,-1.7,0.0,0.0,3.7,1.8,1.4,0.6,0.3,0.6,0.435,0.364,0.552,5399118.0,5.399118
Cole Anthony,PG,25.0,MIL,35.0,527.0,10.7,0.483,25.8,-0.9,0.4,-0.5,-0.043,-3.9,-0.9,-4.8,-0.4,0.0,6.7,2.5,3.5,0.6,0.3,1.9,0.424,0.306,0.615,5996274.0,5.996274
Jonathan Isaac,PF,28.0,ORL,52.0,521.0,11.6,0.498,12.4,0.1,0.8,0.9,0.082,-2.9,1.3,-1.7,0.1,0.0,2.6,2.5,0.4,0.4,0.6,0.3,0.422,0.184,0.603,15000000.0,15.0
Dalton Knecht,SF,24.0,LAL,50.0,515.0,9.2,0.547,17.3,-0.1,0.3,0.3,0.025,-2.7,-1.7,-4.4,-0.3,1.0,4.0,1.4,0.3,0.2,0.2,0.4,0.446,0.304,0.7,4010160.0,4.01016
Kam Jones,SG,23.0,IND,32.0,511.0,8.9,0.498,14.1,0.0,0.2,0.2,0.014,-4.0,-1.8,-5.8,-0.5,7.0,4.3,1.6,3.0,0.5,0.0,0.9,0.426,0.311,0.5,1272870.0,1.27287
Jamison Battle,SF,24.0,TOR,56.0,498.0,10.3,0.636,13.9,0.4,0.5,0.9,0.082,-1.8,-1.0,-2.8,-0.1,2.0,3.2,1.6,0.4,0.1,0.1,0.3,0.504,0.422,0.667,1955377.0,1.955377
Keaton Wallace,PG,26.0,ATL,51.0,496.0,11.2,0.545,15.8,0.3,0.6,0.9,0.082,-2.4,0.5,-1.8,0.0,2.0,3.5,1.0,1.7,0.5,0.1,0.5,0.42,0.398,0.643,2296274.0,2.296274
D'Angelo Russell,PG,29.0,DAL,26.0,495.0,12.3,0.511,26.0,-0.3,0.3,0.0,-0.003,-0.7,-1.6,-2.3,0.0,3.0,10.2,2.3,4.0,0.5,0.1,1.9,0.405,0.295,0.717,5685000.0,5.685
Trayce Jackson-Davis,C,25.0,2TM,50.0,487.0,16.5,0.576,15.3,0.7,0.6,1.4,0.137,-0.7,0.4,-0.3,0.2,1.0,3.5,2.8,0.8,0.3,0.5,0.4,0.57,1.0,0.514,2221677.0,2.221677
Tyrese Proctor,PG,21.0,CLE,46.0,472.0,11.4,0.544,21.0,0.2,0.4,0.6,0.063,-2.6,-0.4,-2.9,-0.1,1.0,4.9,1.1,1.3,0.4,0.0,0.6,0.403,0.342,0.889,1272870.0,1.27287
Cam Christie,SG,20.0,LAC,51.0,461.0,9.7,0.494,16.9,-0.1,0.4,0.2,0.023,-3.3,-0.9,-4.2,-0.3,0.0,3.0,1.5,0.6,0.3,0.1,0.4,0.386,0.245,0.76,1955377.0,1.955377
Taurean Prince,SF,31.0,MIL,21.0,456.0,8.7,0.589,14.9,0.0,0.2,0.2,0.024,-2.7,-1.6,-4.3,-0.3,3.0,7.5,2.4,1.4,0.6,0.2,1.0,0.435,0.404,1.0,3303774.0,3.303774
Ariel Hukporti,C,23.0,NYK,52.0,455.0,11.6,0.612,10.5,0.4,0.7,1.1,0.114,-3.8,1.4,-2.3,0.0,4.0,1.9,2.8,0.5,0.2,0.5,0.6,0.544,0.25,0.788,1955377.0,1.955377
Asa Newell,PF,20.0,ATL,42.0,453.0,14.1,0.63,17.1,0.6,0.5,1.1,0.114,-1.0,-0.5,-1.4,0.1,1.0,5.0,2.0,0.5,0.4,0.3,0.5,0.539,0.394,0.56,3237480.0,3.23748
Jeremy Sochan,PF,22.0,2TM,42.0,443.0,11.6,0.559,14.5,0.3,0.7,1.0,0.109,-2.8,1.0,-1.8,0.0,0.0,3.5,2.4,0.8,0.4,0.2,0.5,0.5,0.231,0.708,7874853.0,7.874853
Amir Coffey,SG,28.0,2TM,43.0,437.0,10.2,0.593,11.1,0.6,0.2,0.8,0.087,-2.1,-0.9,-3.0,-0.1,2.0,2.9,1.2,0.6,0.2,0.1,0.1,0.484,0.317,0.786,2296274.0,2.296274
Terrence Shannon Jr.,SG,25.0,MIN,38.0,436.0,8.3,0.548,15.6,0.1,0.4,0.5,0.058,-4.1,-0.4,-4.5,-0.3,1.0,4.1,1.1,0.7,0.3,0.0,0.5,0.411,0.382,0.773,2674080.0,2.67408
Bogdan Bogdanović,SG,33.0,LAC,21.0,429.0,8.2,0.507,18.4,-0.2,0.3,0.1,0.009,-2.9,-0.9,-3.9,-0.2,3.0,7.3,2.7,2.4,0.5,0.0,1.2,0.376,0.329,0.8,16020000.0,16.02
Yanic Konan Niederhäuser,C,22.0,LAC,41.0,424.0,16.4,0.691,15.7,0.8,0.5,1.3,0.151,-2.5,0.4,-2.2,0.0,0.0,4.3,2.9,0.3,0.1,0.7,0.6,0.64,0.2,0.758,2743800.0,2.7438
Marcus Sasser,PG,25.0,DET,34.0,424.0,12.3,0.556,19.5,0.3,0.6,0.9,0.103,-1.0,0.1,-0.9,0.1,5.0,5.6,1.1,2.1,0.6,0.1,0.9,0.407,0.433,0.833,2886720.0,2.88672
Tony Bradley,C,28.0,IND,38.0,416.0,13.1,0.604,14.5,0.7,0.2,0.9,0.1,-2.4,-1.7,-4.1,-0.2,3.0,4.0,2.8,0.5,0.2,0.2,0.4,0.557,0.5,0.744,3204816.0,3.204816
Moritz Wagner,C,28.0,ORL,34.0,416.0,15.2,0.549,24.3,0.3,0.5,0.9,0.1,-1.5,-0.9,-2.3,0.0,0.0,7.1,3.2,0.7,0.4,0.0,0.6,0.426,0.324,0.819,5000000.0,5.0
Jayson Tatum,PF,27.0,BOS,13.0,409.0,20.9,0.535,30.3,0.5,0.8,1.3,0.158,3.4,1.6,4.9,0.7,13.0,21.4,9.9,5.1,1.3,0.2,2.0,0.409,0.333,0.821,54126450.0,54.12645
Maxi Kleber,PF,34.0,LAL,38.0,403.0,8.7,0.53,9.5,0.2,0.4,0.6,0.073,-3.8,0.5,-3.3,-0.1,1.0,2.1,2.0,0.6,0.4,0.3,0.4,0.46,0.261,0.583,11000000.0,11.0
Matisse Thybulle,SG,28.0,POR,26.0,397.0,15.0,0.605,14.9,0.3,0.8,1.1,0.135,-1.5,5.9,4.3,0.6,0.0,5.7,2.1,0.9,1.9,0.5,0.9,0.434,0.392,0.87,11550000.0,11.55
Myron Gardner,SF,24.0,MIA,41.0,395.0,15.6,0.609,15.0,0.8,0.6,1.4,0.169,-0.8,2.0,1.1,0.3,7.0,3.9,2.9,1.0,0.5,0.2,0.4,0.479,0.406,0.731,395029.0,0.395029
Dejounte Murray,PG,29.0,NOP,14.0,389.0,18.1,0.58,26.8,0.2,0.4,0.6,0.073,0.8,0.5,1.4,0.3,14.0,16.7,5.4,6.4,1.6,0.2,3.4,0.484,0.306,0.867,30801103.0,30.801103
AJ Johnson,SG,21.0,2TM,44.0,386.0,5.2,0.401,19.1,-0.8,0.1,-0.7,-0.091,-6.2,-2.1,-8.3,-0.6,0.0,2.8,1.1,0.9,0.2,0.0,0.5,0.324,0.229,0.826,3090480.0,3.09048
Trae Young,PG,27.0,2TM,15.0,384.0,21.1,0.612,28.1,1.2,0.2,1.4,0.174,4.3,-1.4,2.8,0.5,15.0,17.9,2.0,8.0,0.9,0.1,2.6,0.458,0.338,0.825,46394100.0,46.3941
Cameron Payne,PG,31.0,PHI,22.0,374.0,14.4,0.514,19.2,0.4,0.4,0.8,0.104,-0.6,0.9,0.3,0.2,1.0,7.4,2.0,2.6,1.1,0.3,0.5,0.376,0.33,0.864,712637.0,0.712637
Julian Phillips,SF,22.0,2TM,44.0,371.0,10.1,0.545,12.9,0.2,0.3,0.5,0.065,-2.5,0.4,-2.1,0.0,2.0,2.6,1.0,0.2,0.5,0.2,0.2,0.424,0.315,0.882,2221677.0,2.221677
Larry Nance Jr.,PF,33.0,CLE,31.0,369.0,9.1,0.481,13.6,0.0,0.4,0.5,0.063,-4.0,0.8,-3.2,-0.1,2.0,3.3,2.6,0.9,0.5,0.1,0.5,0.382,0.345,0.571,2296274.0,2.296274
Liam McNeeley,SF,20.0,CHO,30.0,363.0,10.8,0.594,14.5,0.5,0.4,0.9,0.114,-1.2,-0.1,-1.2,0.1,0.0,4.4,2.4,0.8,0.2,0.1,0.4,0.404,0.4,0.821,2763960.0,2.76396
Jeremiah Robinson-Earl,PF,25.0,2TM,22.0,361.0,9.4,0.468,14.1,0.0,0.2,0.2,0.029,-3.4,-1.8,-5.2,-0.3,3.0,4.6,4.7,0.7,0.4,0.0,0.5,0.37,0.244,0.944,131970.0,0.13197
Kelly Olynyk,C,34.0,SAS,42.0,360.0,13.5,0.59,16.0,0.4,0.6,1.0,0.131,-1.3,1.2,-0.1,0.2,0.0,3.2,1.8,1.2,0.4,0.1,0.6,0.49,0.255,0.711,13445122.0,13.445122
Doug McDermott,SF,34.0,SAC,25.0,360.0,8.8,0.593,14.6,0.2,-0.1,0.2,0.022,-1.0,-3.1,-4.1,-0.2,0.0,5.4,1.2,0.6,0.2,0.1,0.4,0.407,0.398,1.0,2296274.0,2.296274
Cam Whitmore,SF,21.0,WAS,21.0,354.0,13.7,0.528,23.7,-0.1,0.1,0.0,-0.001,-1.1,-2.1,-3.3,-0.1,0.0,9.2,2.8,0.7,0.7,0.4,0.9,0.456,0.286,0.742,3539760.0,3.53976
Jae'Sean Tate,SF,30.0,HOU,42.0,353.0,10.2,0.558,13.4,0.4,0.3,0.7,0.093,-3.6,-0.6,-4.2,-0.2,0.0,2.7,1.4,0.5,0.2,0.1,0.3,0.5,0.3,0.7,2296274.0,2.296274
Blake Wesley,SG,22.0,POR,28.0,353.0,11.2,0.519,19.5,0.0,0.4,0.3,0.046,-3.3,0.1,-3.2,-0.1,0.0,5.2,1.3,2.2,0.6,0.2,1.1,0.458,0.286,0.556,5643732.0,5.643732
Khaman Maluach,C,19.0,PHO,42.0,343.0,13.0,0.591,14.8,0.1,0.5,0.6,0.082,-4.2,0.1,-4.2,-0.2,0.0,2.7,2.4,0.1,0.1,0.7,0.6,0.537,0.2,0.71,6016080.0,6.01608
Andre Jackson Jr.,SG,24.0,MIL,44.0,342.0,7.3,0.438,17.7,-0.5,0.2,-0.2,-0.035,-5.1,-1.6,-6.7,-0.4,1.0,2.2,1.3,0.9,0.4,0.0,0.6,0.333,0.283,0.7,2221677.0,2.221677
Ty Jerome,SG,28.0,MEM,15.0,339.0,25.7,0.616,32.7,1.2,0.2,1.4,0.196,8.2,-0.6,7.6,0.8,15.0,19.7,2.8,5.7,1.1,0.3,1.8,0.474,0.42,0.875,8781000.0,8.781
Christian Koloko,C,25.0,3TM,26.0,336.0,9.3,0.467,10.8,-0.1,0.4,0.4,0.053,-5.3,1.5,-3.9,-0.2,4.0,2.7,2.8,0.7,0.5,0.8,0.5,0.435,0.143,0.727,263940.0,0.26394
Obi Toppin,PF,27.0,IND,19.0,322.0,17.7,0.617,23.1,0.4,0.2,0.7,0.098,1.9,-0.5,1.4,0.3,3.0,10.0,4.1,2.2,0.5,0.1,1.1,0.5,0.321,0.852,14000000.0,14.0
Nick Smith Jr.,SG,21.0,LAL,25.0,318.0,9.2,0.53,21.5,-0.2,0.2,0.0,-0.005,-2.9,-2.3,-5.2,-0.3,1.0,5.8,0.8,1.1,0.4,0.1,0.8,0.421,0.391,0.636,2710680.0,2.71068
Killian Hayes,PG,24.0,SAC,19.0,316.0,7.7,0.39,18.7,-0.5,0.1,-0.4,-0.054,-5.5,-1.5,-7.0,-0.4,3.0,4.8,2.4,3.6,0.6,0.2,1.1,0.288,0.255,0.938,263940.0,0.26394
Yang Hansen,C,20.0,POR,41.0,296.0,3.7,0.413,20.1,-0.8,0.3,-0.5,-0.076,-8.9,-0.6,-9.6,-0.6,1.0,2.3,1.6,0.5,0.1,0.2,0.8,0.31,0.119,0.824,4422360.0,4.42236
Bronny James,SG,21.0,LAL,37.0,292.0,8.3,0.494,16.3,-0.2,0.2,0.1,0.009,-3.5,-0.9,-4.4,-0.2,1.0,2.4,0.5,1.1,0.4,0.1,0.5,0.391,0.375,0.857,1955377.0,1.955377
Pat Connaughton,SG,33.0,CHO,39.0,287.0,13.5,0.599,15.0,0.4,0.3,0.7,0.123,0.1,0.5,0.5,0.2,0.0,2.8,1.5,0.5,0.3,0.0,0.3,0.458,0.412,0.65,10739683.0,10.739683
Zach Edey,C,23.0,MEM,11.0,284.0,20.8,0.669,20.2,0.4,0.4,0.8,0.139,-0.6,1.1,0.6,0.2,11.0,13.6,11.1,1.1,0.6,1.9,2.4,0.633,0.2,0.781,6045000.0,6.045
Lindy Waters III,SG,28.0,SAS,39.0,280.0,7.2,0.527,14.2,0.1,0.3,0.3,0.06,-3.0,-0.5,-3.5,-0.1,0.0,2.4,0.7,0.5,0.1,0.0,0.2,0.372,0.338,0.667,2296274.0,2.296274
Malaki Branham,SG,22.0,WAS,28.0,275.0,14.1,0.604,18.4,0.3,0.0,0.4,0.065,-0.8,-1.5,-2.2,0.0,0.0,4.6,1.6,0.8,0.4,0.1,0.5,0.473,0.378,0.824,4962033.0,4.962033
Jordan McLaughlin,PG,29.0,SAS,41.0,266.0,11.3,0.531,14.6,0.0,0.4,0.5,0.089,-2.4,2.4,0.0,0.1,0.0,2.0,0.7,0.9,0.5,0.0,0.4,0.413,0.41,0.8,2296274.0,2.296274
Duop Reath,C,29.0,POR,32.0,258.0,10.6,0.613,13.2,0.3,0.2,0.6,0.103,-0.9,0.0,-0.9,0.1,0.0,2.9,1.2,0.3,0.2,0.3,0.2,0.446,0.418,0.833,2221677.0,2.221677
Kevon Looney,C,29.0,NOP,19.0,254.0,13.5,0.452,10.8,0.3,0.2,0.5,0.102,-1.5,-0.9,-2.4,0.0,6.0,2.7,5.3,1.3,0.3,0.5,0.4,0.426,0.111,0.625,8000000.0,8.0
Chaz Lanier,SG,24.0,DET,30.0,232.0,7.4,0.453,14.8,0.1,0.2,0.3,0.063,-3.3,-1.0,-4.3,-0.1,0.0,2.4,0.7,0.5,0.2,0.0,0.1,0.321,0.3,0.833,1372870.0,1.37287
Joan Beringer,PF,19.0,MIN,35.0,228.0,18.8,0.658,15.9,0.6,0.3,0.9,0.194,-1.0,0.3,-0.7,0.1,1.0,2.9,1.9,0.2,0.1,0.4,0.2,0.652,,0.619,4201080.0,4.20108
Chris Paul,PG,40.0,LAC,16.0,228.0,8.1,0.413,14.2,-0.1,0.2,0.1,0.016,-4.0,-0.2,-4.2,-0.1,0.0,2.9,1.8,3.3,0.7,0.0,1.0,0.321,0.333,0.5,2296274.0,2.296274
Jonathan Mogbo,PF,24.0,TOR,35.0,220.0,13.1,0.573,11.1,0.2,0.4,0.6,0.12,-2.5,1.7,-0.8,0.1,0.0,1.5,1.7,0.6,0.3,0.2,0.3,0.561,0.0,0.583,1955377.0,1.955377
Scotty Pippen Jr.,PG,25.0,MEM,10.0,212.0,14.8,0.537,26.1,-0.1,0.2,0.1,0.03,-2.6,-0.3,-2.9,0.0,6.0,11.4,2.2,4.7,1.9,0.4,2.7,0.448,0.313,0.783,2270735.0,2.270735
Keshad Johnson,SF,24.0,MIA,28.0,211.0,13.3,0.543,20.2,0.0,0.3,0.3,0.07,-2.4,-0.3,-2.7,0.0,0.0,3.6,1.8,0.1,0.4,0.3,0.4,0.439,0.316,0.68,1955377.0,1.955377
E.J. Liddell,PF,25.0,BRK,21.0,203.0,7.2,0.458,14.6,-0.2,0.1,0.0,-0.003,-5.2,-0.9,-6.0,-0.2,0.0,2.6,1.9,0.7,0.1,0.4,0.4,0.386,0.212,0.571,706898.0,0.706898
DaRon Holmes,PF,23.0,DEN,22.0,200.0,12.6,0.7,16.1,0.3,0.1,0.4,0.097,0.5,-1.5,-1.0,0.1,6.0,4.0,1.4,0.7,0.0,0.2,0.5,0.517,0.452,0.818,3218760.0,3.21876
DeAndre Jordan,C,37.0,NOP,12.0,199.0,15.8,0.671,10.2,0.3,0.2,0.6,0.135,-0.5,0.2,-0.3,0.1,7.0,4.4,6.3,0.9,0.3,0.8,0.8,0.656,,0.647,2269880.0,2.26988
Garrison Mathews,SG,29.0,IND,15.0,196.0,11.3,0.628,14.1,0.3,0.1,0.4,0.096,-1.3,-0.1,-1.3,0.0,1.0,5.2,1.1,0.7,0.4,0.2,0.2,0.404,0.37,0.826,429325.0,0.429325
Nigel Hayes-Davis,SF,31.0,PHO,27.0,195.0,4.2,0.356,12.1,-0.3,0.2,-0.1,-0.024,-6.4,-0.9,-7.3,-0.3,0.0,1.3,1.2,0.3,0.3,0.1,0.3,0.326,0.125,0.5,2048494.0,2.048494
JD Davison,PG,23.0,HOU,27.0,192.0,10.1,0.494,14.9,0.1,0.2,0.3,0.086,-2.9,0.8,-2.0,0.0,0.0,2.2,0.9,1.0,0.2,0.1,0.3,0.4,0.286,0.615,2270735.0,2.270735
Drew Timme,PF,25.0,LAL,23.0,187.0,13.7,0.666,14.3,0.4,0.1,0.5,0.119,0.0,-1.1,-1.1,0.0,0.0,3.1,1.2,0.7,0.2,0.0,0.3,0.588,0.421,0.571,1955377.0,1.955377
Zach Collins,C,28.0,CHI,10.0,184.0,17.9,0.666,18.8,0.4,0.1,0.5,0.136,1.0,-0.7,0.2,0.1,0.0,9.7,5.6,1.5,0.2,0.4,1.0,0.578,0.429,0.7,18080496.0,18.080496
Malachi Smith,SG,26.0,BRK,10.0,182.0,15.6,0.648,15.9,0.2,0.1,0.4,0.096,1.3,0.3,1.6,0.2,0.0,7.3,2.1,2.0,1.0,0.4,1.0,0.527,0.545,1.0,73153.0,0.073153
Xavier Tillman Sr.,C,27.0,2TM,28.0,178.0,9.8,0.424,12.8,0.0,0.3,0.2,0.058,-3.4,0.7,-2.7,0.0,1.0,1.4,1.5,0.5,0.3,0.2,0.3,0.395,0.167,0.25,2546675.0,2.546675
Hunter Tyson,PF,25.0,DEN,21.0,162.0,6.4,0.398,16.8,-0.2,0.1,0.0,-0.014,-5.3,-1.6,-6.9,-0.2,2.0,2.2,1.7,0.8,0.1,0.0,0.2,0.269,0.212,0.846,2221677.0,2.221677
Mason Plumlee,C,35.0,2TM,19.0,156.0,13.4,0.757,8.4,0.2,0.3,0.5,0.146,-2.0,2.9,1.0,0.1,2.0,1.5,2.6,1.0,0.5,0.0,0.6,0.769,,0.643,3022108.0,3.022108
Jeff Green,PF,39.0,HOU,29.0,151.0,9.5,0.497,17.4,0.2,0.1,0.3,0.081,-2.1,-2.4,-4.5,-0.1,0.0,2.1,0.7,0.2,0.0,0.0,0.0,0.383,0.3,1.0,2296274.0,2.296274
Bismack Biyombo,C,33.0,SAS,24.0,136.0,4.4,0.615,7.5,0.0,0.2,0.2,0.062,-7.3,1.5,-5.7,-0.1,1.0,0.9,1.0,0.2,0.2,0.1,0.3,0.571,,0.714,2296274.0,2.296274
Amari Williams,PF,24.0,BOS,21.0,136.0,10.2,0.556,11.2,0.0,0.3,0.2,0.08,-4.8,2.9,-1.9,0.0,2.0,1.3,1.9,0.4,0.1,0.5,0.5,0.474,,0.714,490128.0,0.490128
Thanasis Antetokounmpo,SF,33.0,MIL,31.0,115.0,14.5,0.535,16.8,0.0,0.2,0.2,0.078,-3.8,2.1,-1.7,0.0,0.0,1.2,0.9,0.3,0.4,0.2,0.3,0.458,0.0,0.625,2296274.0,2.296274
Kyle Lowry,PG,39.0,PHI,13.0,113.0,3.0,0.375,10.0,-0.1,0.1,-0.1,-0.025,-7.0,-1.7,-8.7,-0.2,0.0,1.3,0.7,0.8,0.2,0.2,0.3,0.2,0.2,0.833,2296274.0,2.296274
Adou Thiero,SF,21.0,LAL,21.0,108.0,9.2,0.532,13.0,0.0,0.1,0.1,0.065,-5.3,-0.1,-5.4,-0.1,0.0,1.4,1.0,0.3,0.2,0.1,0.2,0.455,0.0,0.75,1272870.0,1.27287
Pacôme Dadiet,SG,20.0,NYK,27.0,105.0,10.0,0.452,16.1,0.0,0.1,0.2,0.078,-2.6,0.6,-2.0,0.0,0.0,1.3,0.8,0.4,0.1,0.0,0.1,0.314,0.24,1.0,2847600.0,2.8476
Joe Ingles,SF,38.0,MIN,25.0,102.0,9.9,0.684,9.5,0.0,0.1,0.2,0.083,-2.9,2.4,-0.5,0.0,0.0,0.8,0.4,0.8,0.3,0.0,0.4,0.538,0.375,1.0,2296274.0,2.296274
Kobe Bufkin,SG,22.0,LAL,13.0,94.0,4.7,0.393,22.5,-0.2,0.1,-0.2,-0.092,-7.7,-3.6,-11.4,-0.2,1.0,2.7,0.7,0.4,0.2,0.2,0.3,0.293,0.136,1.0,5480297.0,5.480297
Caleb Houstan,SF,23.0,ATL,18.0,75.0,16.4,0.769,17.4,0.2,0.1,0.2,0.159,1.6,-1.3,0.3,0.0,0.0,2.3,0.6,0.2,0.1,0.1,0.2,0.538,0.524,1.0,699440.0,0.69944
Bobi Klintman,SF,22.0,DET,12.0,71.0,4.5,0.388,20.1,-0.2,0.1,-0.1,-0.042,-7.8,-1.0,-8.7,-0.1,0.0,1.8,1.6,0.5,0.3,0.0,0.5,0.333,0.308,0.0,1955377.0,1.955377
Garrett Temple,SG,39.0,TOR,21.0,69.0,3.1,0.39,15.5,-0.2,0.1,-0.1,-0.07,-7.6,0.2,-7.4,-0.1,0.0,0.7,0.4,0.4,0.1,0.1,0.3,0.214,0.182,0.667,2296274.0,2.296274
Johni Broome,C,23.0,PHI,11.0,55.0,0.3,0.188,22.8,-0.3,0.1,-0.2,-0.214,-11.8,-4.4,-16.3,-0.2,0.0,0.9,1.5,0.4,0.3,0.2,0.3,0.167,0.0,0.333,1272870.0,1.27287
